set search_path to 'public';
insert into "Facilities" ("Id", "City", "Name", "PhoneNumber", "PostalCode", "Street")
values
(1, 'Warszawa', 'Centrum Medyczne LUX MED', '22 332 28 88', '02-796', 'Migdałowa 4'),
(2, 'Warszawa', 'Centrum Medicover - Inflancka', '500 900 500', '00-189', 'Inflancka 5'),
(3, 'Warszawa', 'Centrum Medyczne Enel-Med Puławska Warszawa', '22 230 70 07', '02-819', 'Puławska 326');


insert into "Doctors"("Pwz", "FirstName", "LastName", "PhoneNumber", "FacilityId")
values
('7438012', 'Janusz', 'Kowalski', '653577124', 1),
('5174928', 'Marek', 'Nowacki', '754126389', 2),
('5712569', 'Tomasz', 'Nowak', '641258745', 3),
('3129077', 'Jerzy', 'Barsz', '541986325', 1),
('0625612', 'Dariusz', 'Kanapowicz', '789456325', 2),
('5471289', 'Grażyna', 'Piekarska', '741752985', 3),
('3261458', 'Bożena', 'Kucharska', '569874123', 1),
('1245789', 'Mariola', 'Szklanecka', '555478969', 2),
('9125463', 'Fred', 'Johnson', '758961234', 3);

insert into "Schedules" ("DoctorPwz", "Date", "StartTime", "EndTime")
values
('7438012', '2021-01-01', '2021-01-01 08:00:00', '2021-01-01 16:00:00'),
('7438012', '2021-01-02', '2021-01-02 08:00:00', '2021-01-02 16:00:00'),
('7438012', '2021-01-03', '2021-01-03 08:00:00', '2021-01-03 16:00:00'),
('7438012', '2021-01-04', '2021-01-04 08:00:00', '2021-01-04 16:00:00'),
('7438012', '2021-01-05', '2021-01-05 08:00:00', '2021-01-05 16:00:00'),
('7438012', '2021-01-06', '2021-01-06 08:00:00', '2021-01-06 16:00:00'),
('7438012', '2021-01-07', '2021-01-07 08:00:00', '2021-01-07 16:00:00'),
('7438012', '2021-01-08', '2021-01-08 08:00:00', '2021-01-08 16:00:00'),
('7438012', '2021-01-09', '2021-01-09 08:00:00', '2021-01-09 16:00:00'),
('7438012', '2021-01-10', '2021-01-10 08:00:00', '2021-01-10 16:00:00'),
('7438012', '2021-01-11', '2021-01-11 08:00:00', '2021-01-11 16:00:00'),
('7438012', '2021-01-12', '2021-01-12 08:00:00', '2021-01-12 16:00:00'),
('7438012', '2021-01-13', '2021-01-13 08:00:00', '2021-01-13 16:00:00'),
('7438012', '2021-01-14', '2021-01-14 08:00:00', '2021-01-14 16:00:00'),
('7438012', '2021-01-15', '2021-01-15 08:00:00', '2021-01-15 16:00:00'),
('7438012', '2021-01-16', '2021-01-16 08:00:00', '2021-01-16 16:00:00'),
('7438012', '2021-01-17', '2021-01-17 08:00:00', '2021-01-17 16:00:00'),
('7438012', '2021-01-18', '2021-01-18 08:00:00', '2021-01-18 16:00:00'),
('7438012', '2021-01-19', '2021-01-19 08:00:00', '2021-01-19 16:00:00'),
('7438012', '2021-01-20', '2021-01-20 08:00:00', '2021-01-20 16:00:00'),
('7438012', '2021-01-21', '2021-01-21 08:00:00', '2021-01-21 16:00:00'),
('7438012', '2021-01-22', '2021-01-22 08:00:00', '2021-01-22 16:00:00'),
('7438012', '2021-01-23', '2021-01-23 08:00:00', '2021-01-23 16:00:00'),
('7438012', '2021-01-24', '2021-01-24 08:00:00', '2021-01-24 16:00:00'),
('7438012', '2021-01-25', '2021-01-25 08:00:00', '2021-01-25 16:00:00'),
('7438012', '2021-01-26', '2021-01-26 08:00:00', '2021-01-26 16:00:00'),
('7438012', '2021-01-27', '2021-01-27 08:00:00', '2021-01-27 16:00:00'),
('7438012', '2021-01-28', '2021-01-28 08:00:00', '2021-01-28 16:00:00'),
('7438012', '2021-01-29', '2021-01-29 08:00:00', '2021-01-29 16:00:00'),
('7438012', '2021-01-30', '2021-01-30 08:00:00', '2021-01-30 16:00:00'),
('7438012', '2021-02-01', '2021-02-01 08:00:00', '2021-02-01 16:00:00'),
('7438012', '2021-02-02', '2021-02-02 08:00:00', '2021-02-02 16:00:00'),
('7438012', '2021-02-03', '2021-02-03 08:00:00', '2021-02-03 16:00:00'),
('7438012', '2021-02-04', '2021-02-04 08:00:00', '2021-02-04 16:00:00'),
('7438012', '2021-02-05', '2021-02-05 08:00:00', '2021-02-05 16:00:00'),
('7438012', '2021-02-06', '2021-02-06 08:00:00', '2021-02-06 16:00:00'),
('7438012', '2021-02-07', '2021-02-07 08:00:00', '2021-02-07 16:00:00'),
('7438012', '2021-02-08', '2021-02-08 08:00:00', '2021-02-08 16:00:00'),
('7438012', '2021-02-09', '2021-02-09 08:00:00', '2021-02-09 16:00:00'),
('7438012', '2021-02-10', '2021-02-10 08:00:00', '2021-02-10 16:00:00'),
('7438012', '2021-02-11', '2021-02-11 08:00:00', '2021-02-11 16:00:00'),
('7438012', '2021-02-12', '2021-02-12 08:00:00', '2021-02-12 16:00:00'),
('7438012', '2021-02-13', '2021-02-13 08:00:00', '2021-02-13 16:00:00'),
('7438012', '2021-02-14', '2021-02-14 08:00:00', '2021-02-14 16:00:00'),
('7438012', '2021-02-15', '2021-02-15 08:00:00', '2021-02-15 16:00:00'),
('7438012', '2021-02-16', '2021-02-16 08:00:00', '2021-02-16 16:00:00'),
('7438012', '2021-02-17', '2021-02-17 08:00:00', '2021-02-17 16:00:00'),
('7438012', '2021-02-18', '2021-02-18 08:00:00', '2021-02-18 16:00:00'),
('7438012', '2021-02-19', '2021-02-19 08:00:00', '2021-02-19 16:00:00'),
('7438012', '2021-02-20', '2021-02-20 08:00:00', '2021-02-20 16:00:00'),
('7438012', '2021-02-21', '2021-02-21 08:00:00', '2021-02-21 16:00:00'),
('7438012', '2021-02-22', '2021-02-22 08:00:00', '2021-02-22 16:00:00'),
('7438012', '2021-02-23', '2021-02-23 08:00:00', '2021-02-23 16:00:00'),
('7438012', '2021-02-24', '2021-02-24 08:00:00', '2021-02-24 16:00:00'),
('7438012', '2021-02-25', '2021-02-25 08:00:00', '2021-02-25 16:00:00'),
('7438012', '2021-02-26', '2021-02-26 08:00:00', '2021-02-26 16:00:00'),
('7438012', '2021-02-27', '2021-02-27 08:00:00', '2021-02-27 16:00:00'),
('7438012', '2021-02-28', '2021-02-28 08:00:00', '2021-02-28 16:00:00'),
('7438012', '2021-03-01', '2021-03-01 08:00:00', '2021-03-01 16:00:00'),
('7438012', '2021-03-02', '2021-03-02 08:00:00', '2021-03-02 16:00:00'),
('7438012', '2021-03-03', '2021-03-03 08:00:00', '2021-03-03 16:00:00'),
('7438012', '2021-03-04', '2021-03-04 08:00:00', '2021-03-04 16:00:00'),
('7438012', '2021-03-05', '2021-03-05 08:00:00', '2021-03-05 16:00:00'),
('5174928', '2021-01-01', '2021-01-01 08:00:00', '2021-01-01 16:00:00'),
('5174928', '2021-01-02', '2021-01-02 08:00:00', '2021-01-02 16:00:00'),
('5174928', '2021-01-03', '2021-01-03 08:00:00', '2021-01-03 16:00:00'),
('5174928', '2021-01-04', '2021-01-04 08:00:00', '2021-01-04 16:00:00'),
('5174928', '2021-01-05', '2021-01-05 08:00:00', '2021-01-05 16:00:00'),
('5174928', '2021-01-06', '2021-01-06 08:00:00', '2021-01-06 16:00:00'),
('5174928', '2021-01-07', '2021-01-07 08:00:00', '2021-01-07 16:00:00'),
('5174928', '2021-01-08', '2021-01-08 08:00:00', '2021-01-08 16:00:00'),
('5174928', '2021-01-09', '2021-01-09 08:00:00', '2021-01-09 16:00:00'),
('5174928', '2021-01-10', '2021-01-10 08:00:00', '2021-01-10 16:00:00'),
('5174928', '2021-01-11', '2021-01-11 08:00:00', '2021-01-11 16:00:00'),
('5174928', '2021-01-12', '2021-01-12 08:00:00', '2021-01-12 16:00:00'),
('5174928', '2021-01-13', '2021-01-13 08:00:00', '2021-01-13 16:00:00'),
('5174928', '2021-01-14', '2021-01-14 08:00:00', '2021-01-14 16:00:00'),
('5174928', '2021-01-15', '2021-01-15 08:00:00', '2021-01-15 16:00:00'),
('5174928', '2021-01-16', '2021-01-16 08:00:00', '2021-01-16 16:00:00'),
('5174928', '2021-01-17', '2021-01-17 08:00:00', '2021-01-17 16:00:00'),
('5174928', '2021-01-18', '2021-01-18 08:00:00', '2021-01-18 16:00:00'),
('5174928', '2021-01-19', '2021-01-19 08:00:00', '2021-01-19 16:00:00'),
('5174928', '2021-01-20', '2021-01-20 08:00:00', '2021-01-20 16:00:00'),
('5174928', '2021-01-21', '2021-01-21 08:00:00', '2021-01-21 16:00:00'),
('5174928', '2021-01-22', '2021-01-22 08:00:00', '2021-01-22 16:00:00'),
('5174928', '2021-01-23', '2021-01-23 08:00:00', '2021-01-23 16:00:00'),
('5174928', '2021-01-24', '2021-01-24 08:00:00', '2021-01-24 16:00:00'),
('5174928', '2021-01-25', '2021-01-25 08:00:00', '2021-01-25 16:00:00'),
('5174928', '2021-01-26', '2021-01-26 08:00:00', '2021-01-26 16:00:00'),
('5174928', '2021-01-27', '2021-01-27 08:00:00', '2021-01-27 16:00:00'),
('5174928', '2021-01-28', '2021-01-28 08:00:00', '2021-01-28 16:00:00'),
('5174928', '2021-01-29', '2021-01-29 08:00:00', '2021-01-29 16:00:00'),
('5174928', '2021-01-30', '2021-01-30 08:00:00', '2021-01-30 16:00:00'),
('5174928', '2021-02-01', '2021-02-01 08:00:00', '2021-02-01 16:00:00'),
('5174928', '2021-02-02', '2021-02-02 08:00:00', '2021-02-02 16:00:00'),
('5174928', '2021-02-03', '2021-02-03 08:00:00', '2021-02-03 16:00:00'),
('5174928', '2021-02-04', '2021-02-04 08:00:00', '2021-02-04 16:00:00'),
('5174928', '2021-02-05', '2021-02-05 08:00:00', '2021-02-05 16:00:00'),
('5174928', '2021-02-06', '2021-02-06 08:00:00', '2021-02-06 16:00:00'),
('5174928', '2021-02-07', '2021-02-07 08:00:00', '2021-02-07 16:00:00'),
('5174928', '2021-02-08', '2021-02-08 08:00:00', '2021-02-08 16:00:00'),
('5174928', '2021-02-09', '2021-02-09 08:00:00', '2021-02-09 16:00:00'),
('5174928', '2021-02-10', '2021-02-10 08:00:00', '2021-02-10 16:00:00'),
('5174928', '2021-02-11', '2021-02-11 08:00:00', '2021-02-11 16:00:00'),
('5174928', '2021-02-12', '2021-02-12 08:00:00', '2021-02-12 16:00:00'),
('5174928', '2021-02-13', '2021-02-13 08:00:00', '2021-02-13 16:00:00'),
('5174928', '2021-02-14', '2021-02-14 08:00:00', '2021-02-14 16:00:00'),
('5174928', '2021-02-15', '2021-02-15 08:00:00', '2021-02-15 16:00:00'),
('5174928', '2021-02-16', '2021-02-16 08:00:00', '2021-02-16 16:00:00'),
('5174928', '2021-02-17', '2021-02-17 08:00:00', '2021-02-17 16:00:00'),
('5174928', '2021-02-18', '2021-02-18 08:00:00', '2021-02-18 16:00:00'),
('5174928', '2021-02-19', '2021-02-19 08:00:00', '2021-02-19 16:00:00'),
('5174928', '2021-02-20', '2021-02-20 08:00:00', '2021-02-20 16:00:00'),
('5174928', '2021-02-21', '2021-02-21 08:00:00', '2021-02-21 16:00:00'),
('5174928', '2021-02-22', '2021-02-22 08:00:00', '2021-02-22 16:00:00'),
('5174928', '2021-02-23', '2021-02-23 08:00:00', '2021-02-23 16:00:00'),
('5174928', '2021-02-24', '2021-02-24 08:00:00', '2021-02-24 16:00:00'),
('5174928', '2021-02-25', '2021-02-25 08:00:00', '2021-02-25 16:00:00'),
('5174928', '2021-02-26', '2021-02-26 08:00:00', '2021-02-26 16:00:00'),
('5174928', '2021-02-27', '2021-02-27 08:00:00', '2021-02-27 16:00:00'),
('5174928', '2021-02-28', '2021-02-28 08:00:00', '2021-02-28 16:00:00'),
('5174928', '2021-03-01', '2021-03-01 08:00:00', '2021-03-01 16:00:00'),
('5174928', '2021-03-02', '2021-03-02 08:00:00', '2021-03-02 16:00:00'),
('5174928', '2021-03-03', '2021-03-03 08:00:00', '2021-03-03 16:00:00'),
('5174928', '2021-03-04', '2021-03-04 08:00:00', '2021-03-04 16:00:00'),
('5174928', '2021-03-05', '2021-03-05 08:00:00', '2021-03-05 16:00:00'),
('5712569', '2021-01-01', '2021-01-01 08:00:00', '2021-01-01 16:00:00'),
('5712569', '2021-01-02', '2021-01-02 08:00:00', '2021-01-02 16:00:00'),
('5712569', '2021-01-03', '2021-01-03 08:00:00', '2021-01-03 16:00:00'),
('5712569', '2021-01-04', '2021-01-04 08:00:00', '2021-01-04 16:00:00'),
('5712569', '2021-01-05', '2021-01-05 08:00:00', '2021-01-05 16:00:00'),
('5712569', '2021-01-06', '2021-01-06 08:00:00', '2021-01-06 16:00:00'),
('5712569', '2021-01-07', '2021-01-07 08:00:00', '2021-01-07 16:00:00'),
('5712569', '2021-01-08', '2021-01-08 08:00:00', '2021-01-08 16:00:00'),
('5712569', '2021-01-09', '2021-01-09 08:00:00', '2021-01-09 16:00:00'),
('5712569', '2021-01-10', '2021-01-10 08:00:00', '2021-01-10 16:00:00'),
('5712569', '2021-01-11', '2021-01-11 08:00:00', '2021-01-11 16:00:00'),
('5712569', '2021-01-12', '2021-01-12 08:00:00', '2021-01-12 16:00:00'),
('5712569', '2021-01-13', '2021-01-13 08:00:00', '2021-01-13 16:00:00'),
('5712569', '2021-01-14', '2021-01-14 08:00:00', '2021-01-14 16:00:00'),
('5712569', '2021-01-15', '2021-01-15 08:00:00', '2021-01-15 16:00:00'),
('5712569', '2021-01-16', '2021-01-16 08:00:00', '2021-01-16 16:00:00'),
('5712569', '2021-01-17', '2021-01-17 08:00:00', '2021-01-17 16:00:00'),
('5712569', '2021-01-18', '2021-01-18 08:00:00', '2021-01-18 16:00:00'),
('5712569', '2021-01-19', '2021-01-19 08:00:00', '2021-01-19 16:00:00'),
('5712569', '2021-01-20', '2021-01-20 08:00:00', '2021-01-20 16:00:00'),
('5712569', '2021-01-21', '2021-01-21 08:00:00', '2021-01-21 16:00:00'),
('5712569', '2021-01-22', '2021-01-22 08:00:00', '2021-01-22 16:00:00'),
('5712569', '2021-01-23', '2021-01-23 08:00:00', '2021-01-23 16:00:00'),
('5712569', '2021-01-24', '2021-01-24 08:00:00', '2021-01-24 16:00:00'),
('5712569', '2021-01-25', '2021-01-25 08:00:00', '2021-01-25 16:00:00'),
('5712569', '2021-01-26', '2021-01-26 08:00:00', '2021-01-26 16:00:00'),
('5712569', '2021-01-27', '2021-01-27 08:00:00', '2021-01-27 16:00:00'),
('5712569', '2021-01-28', '2021-01-28 08:00:00', '2021-01-28 16:00:00'),
('5712569', '2021-01-29', '2021-01-29 08:00:00', '2021-01-29 16:00:00'),
('5712569', '2021-01-30', '2021-01-30 08:00:00', '2021-01-30 16:00:00'),
('5712569', '2021-02-01', '2021-02-01 08:00:00', '2021-02-01 16:00:00'),
('5712569', '2021-02-02', '2021-02-02 08:00:00', '2021-02-02 16:00:00'),
('5712569', '2021-02-03', '2021-02-03 08:00:00', '2021-02-03 16:00:00'),
('5712569', '2021-02-04', '2021-02-04 08:00:00', '2021-02-04 16:00:00'),
('5712569', '2021-02-05', '2021-02-05 08:00:00', '2021-02-05 16:00:00'),
('5712569', '2021-02-06', '2021-02-06 08:00:00', '2021-02-06 16:00:00'),
('5712569', '2021-02-07', '2021-02-07 08:00:00', '2021-02-07 16:00:00'),
('5712569', '2021-02-08', '2021-02-08 08:00:00', '2021-02-08 16:00:00'),
('5712569', '2021-02-09', '2021-02-09 08:00:00', '2021-02-09 16:00:00'),
('5712569', '2021-02-10', '2021-02-10 08:00:00', '2021-02-10 16:00:00'),
('5712569', '2021-02-11', '2021-02-11 08:00:00', '2021-02-11 16:00:00'),
('5712569', '2021-02-12', '2021-02-12 08:00:00', '2021-02-12 16:00:00'),
('5712569', '2021-02-13', '2021-02-13 08:00:00', '2021-02-13 16:00:00'),
('5712569', '2021-02-14', '2021-02-14 08:00:00', '2021-02-14 16:00:00'),
('5712569', '2021-02-15', '2021-02-15 08:00:00', '2021-02-15 16:00:00'),
('5712569', '2021-02-16', '2021-02-16 08:00:00', '2021-02-16 16:00:00'),
('5712569', '2021-02-17', '2021-02-17 08:00:00', '2021-02-17 16:00:00'),
('5712569', '2021-02-18', '2021-02-18 08:00:00', '2021-02-18 16:00:00'),
('5712569', '2021-02-19', '2021-02-19 08:00:00', '2021-02-19 16:00:00'),
('5712569', '2021-02-20', '2021-02-20 08:00:00', '2021-02-20 16:00:00'),
('5712569', '2021-02-21', '2021-02-21 08:00:00', '2021-02-21 16:00:00'),
('5712569', '2021-02-22', '2021-02-22 08:00:00', '2021-02-22 16:00:00'),
('5712569', '2021-02-23', '2021-02-23 08:00:00', '2021-02-23 16:00:00'),
('5712569', '2021-02-24', '2021-02-24 08:00:00', '2021-02-24 16:00:00'),
('5712569', '2021-02-25', '2021-02-25 08:00:00', '2021-02-25 16:00:00'),
('5712569', '2021-02-26', '2021-02-26 08:00:00', '2021-02-26 16:00:00'),
('5712569', '2021-02-27', '2021-02-27 08:00:00', '2021-02-27 16:00:00'),
('5712569', '2021-02-28', '2021-02-28 08:00:00', '2021-02-28 16:00:00'),
('5712569', '2021-03-01', '2021-03-01 08:00:00', '2021-03-01 16:00:00'),
('5712569', '2021-03-02', '2021-03-02 08:00:00', '2021-03-02 16:00:00'),
('5712569', '2021-03-03', '2021-03-03 08:00:00', '2021-03-03 16:00:00'),
('5712569', '2021-03-04', '2021-03-04 08:00:00', '2021-03-04 16:00:00'),
('5712569', '2021-03-05', '2021-03-05 08:00:00', '2021-03-05 16:00:00'),
('3129077', '2021-01-01', '2021-01-01 08:00:00', '2021-01-01 16:00:00'),
('3129077', '2021-01-02', '2021-01-02 08:00:00', '2021-01-02 16:00:00'),
('3129077', '2021-01-03', '2021-01-03 08:00:00', '2021-01-03 16:00:00'),
('3129077', '2021-01-04', '2021-01-04 08:00:00', '2021-01-04 16:00:00'),
('3129077', '2021-01-05', '2021-01-05 08:00:00', '2021-01-05 16:00:00'),
('3129077', '2021-01-06', '2021-01-06 08:00:00', '2021-01-06 16:00:00'),
('3129077', '2021-01-07', '2021-01-07 08:00:00', '2021-01-07 16:00:00'),
('3129077', '2021-01-08', '2021-01-08 08:00:00', '2021-01-08 16:00:00'),
('3129077', '2021-01-09', '2021-01-09 08:00:00', '2021-01-09 16:00:00'),
('3129077', '2021-01-10', '2021-01-10 08:00:00', '2021-01-10 16:00:00'),
('3129077', '2021-01-11', '2021-01-11 08:00:00', '2021-01-11 16:00:00'),
('3129077', '2021-01-12', '2021-01-12 08:00:00', '2021-01-12 16:00:00'),
('3129077', '2021-01-13', '2021-01-13 08:00:00', '2021-01-13 16:00:00'),
('3129077', '2021-01-14', '2021-01-14 08:00:00', '2021-01-14 16:00:00'),
('3129077', '2021-01-15', '2021-01-15 08:00:00', '2021-01-15 16:00:00'),
('3129077', '2021-01-16', '2021-01-16 08:00:00', '2021-01-16 16:00:00'),
('3129077', '2021-01-17', '2021-01-17 08:00:00', '2021-01-17 16:00:00'),
('3129077', '2021-01-18', '2021-01-18 08:00:00', '2021-01-18 16:00:00'),
('3129077', '2021-01-19', '2021-01-19 08:00:00', '2021-01-19 16:00:00'),
('3129077', '2021-01-20', '2021-01-20 08:00:00', '2021-01-20 16:00:00'),
('3129077', '2021-01-21', '2021-01-21 08:00:00', '2021-01-21 16:00:00'),
('3129077', '2021-01-22', '2021-01-22 08:00:00', '2021-01-22 16:00:00'),
('3129077', '2021-01-23', '2021-01-23 08:00:00', '2021-01-23 16:00:00'),
('3129077', '2021-01-24', '2021-01-24 08:00:00', '2021-01-24 16:00:00'),
('3129077', '2021-01-25', '2021-01-25 08:00:00', '2021-01-25 16:00:00'),
('3129077', '2021-01-26', '2021-01-26 08:00:00', '2021-01-26 16:00:00'),
('3129077', '2021-01-27', '2021-01-27 08:00:00', '2021-01-27 16:00:00'),
('3129077', '2021-01-28', '2021-01-28 08:00:00', '2021-01-28 16:00:00'),
('3129077', '2021-01-29', '2021-01-29 08:00:00', '2021-01-29 16:00:00'),
('3129077', '2021-01-30', '2021-01-30 08:00:00', '2021-01-30 16:00:00'),
('3129077', '2021-02-01', '2021-02-01 08:00:00', '2021-02-01 16:00:00'),
('3129077', '2021-02-02', '2021-02-02 08:00:00', '2021-02-02 16:00:00'),
('3129077', '2021-02-03', '2021-02-03 08:00:00', '2021-02-03 16:00:00'),
('3129077', '2021-02-04', '2021-02-04 08:00:00', '2021-02-04 16:00:00'),
('3129077', '2021-02-05', '2021-02-05 08:00:00', '2021-02-05 16:00:00'),
('3129077', '2021-02-06', '2021-02-06 08:00:00', '2021-02-06 16:00:00'),
('3129077', '2021-02-07', '2021-02-07 08:00:00', '2021-02-07 16:00:00'),
('3129077', '2021-02-08', '2021-02-08 08:00:00', '2021-02-08 16:00:00'),
('3129077', '2021-02-09', '2021-02-09 08:00:00', '2021-02-09 16:00:00'),
('3129077', '2021-02-10', '2021-02-10 08:00:00', '2021-02-10 16:00:00'),
('3129077', '2021-02-11', '2021-02-11 08:00:00', '2021-02-11 16:00:00'),
('3129077', '2021-02-12', '2021-02-12 08:00:00', '2021-02-12 16:00:00'),
('3129077', '2021-02-13', '2021-02-13 08:00:00', '2021-02-13 16:00:00'),
('3129077', '2021-02-14', '2021-02-14 08:00:00', '2021-02-14 16:00:00'),
('3129077', '2021-02-15', '2021-02-15 08:00:00', '2021-02-15 16:00:00'),
('3129077', '2021-02-16', '2021-02-16 08:00:00', '2021-02-16 16:00:00'),
('3129077', '2021-02-17', '2021-02-17 08:00:00', '2021-02-17 16:00:00'),
('3129077', '2021-02-18', '2021-02-18 08:00:00', '2021-02-18 16:00:00'),
('3129077', '2021-02-19', '2021-02-19 08:00:00', '2021-02-19 16:00:00'),
('3129077', '2021-02-20', '2021-02-20 08:00:00', '2021-02-20 16:00:00'),
('3129077', '2021-02-21', '2021-02-21 08:00:00', '2021-02-21 16:00:00'),
('3129077', '2021-02-22', '2021-02-22 08:00:00', '2021-02-22 16:00:00'),
('3129077', '2021-02-23', '2021-02-23 08:00:00', '2021-02-23 16:00:00'),
('3129077', '2021-02-24', '2021-02-24 08:00:00', '2021-02-24 16:00:00'),
('3129077', '2021-02-25', '2021-02-25 08:00:00', '2021-02-25 16:00:00'),
('3129077', '2021-02-26', '2021-02-26 08:00:00', '2021-02-26 16:00:00'),
('3129077', '2021-02-27', '2021-02-27 08:00:00', '2021-02-27 16:00:00'),
('3129077', '2021-02-28', '2021-02-28 08:00:00', '2021-02-28 16:00:00'),
('3129077', '2021-03-01', '2021-03-01 08:00:00', '2021-03-01 16:00:00'),
('3129077', '2021-03-02', '2021-03-02 08:00:00', '2021-03-02 16:00:00'),
('3129077', '2021-03-03', '2021-03-03 08:00:00', '2021-03-03 16:00:00'),
('3129077', '2021-03-04', '2021-03-04 08:00:00', '2021-03-04 16:00:00'),
('3129077', '2021-03-05', '2021-03-05 08:00:00', '2021-03-05 16:00:00'),
('5471289', '2021-01-01', '2021-01-01 08:00:00', '2021-01-01 16:00:00'),
('5471289', '2021-01-02', '2021-01-02 08:00:00', '2021-01-02 16:00:00'),
('5471289', '2021-01-03', '2021-01-03 08:00:00', '2021-01-03 16:00:00'),
('5471289', '2021-01-04', '2021-01-04 08:00:00', '2021-01-04 16:00:00'),
('5471289', '2021-01-05', '2021-01-05 08:00:00', '2021-01-05 16:00:00'),
('5471289', '2021-01-06', '2021-01-06 08:00:00', '2021-01-06 16:00:00'),
('5471289', '2021-01-07', '2021-01-07 08:00:00', '2021-01-07 16:00:00'),
('5471289', '2021-01-08', '2021-01-08 08:00:00', '2021-01-08 16:00:00'),
('5471289', '2021-01-09', '2021-01-09 08:00:00', '2021-01-09 16:00:00'),
('5471289', '2021-01-10', '2021-01-10 08:00:00', '2021-01-10 16:00:00'),
('5471289', '2021-01-11', '2021-01-11 08:00:00', '2021-01-11 16:00:00'),
('5471289', '2021-01-12', '2021-01-12 08:00:00', '2021-01-12 16:00:00'),
('5471289', '2021-01-13', '2021-01-13 08:00:00', '2021-01-13 16:00:00'),
('5471289', '2021-01-14', '2021-01-14 08:00:00', '2021-01-14 16:00:00'),
('5471289', '2021-01-15', '2021-01-15 08:00:00', '2021-01-15 16:00:00'),
('5471289', '2021-01-16', '2021-01-16 08:00:00', '2021-01-16 16:00:00'),
('5471289', '2021-01-17', '2021-01-17 08:00:00', '2021-01-17 16:00:00'),
('5471289', '2021-01-18', '2021-01-18 08:00:00', '2021-01-18 16:00:00'),
('5471289', '2021-01-19', '2021-01-19 08:00:00', '2021-01-19 16:00:00'),
('5471289', '2021-01-20', '2021-01-20 08:00:00', '2021-01-20 16:00:00'),
('5471289', '2021-01-21', '2021-01-21 08:00:00', '2021-01-21 16:00:00'),
('5471289', '2021-01-22', '2021-01-22 08:00:00', '2021-01-22 16:00:00'),
('5471289', '2021-01-23', '2021-01-23 08:00:00', '2021-01-23 16:00:00'),
('5471289', '2021-01-24', '2021-01-24 08:00:00', '2021-01-24 16:00:00'),
('5471289', '2021-01-25', '2021-01-25 08:00:00', '2021-01-25 16:00:00'),
('5471289', '2021-01-26', '2021-01-26 08:00:00', '2021-01-26 16:00:00'),
('5471289', '2021-01-27', '2021-01-27 08:00:00', '2021-01-27 16:00:00'),
('5471289', '2021-01-28', '2021-01-28 08:00:00', '2021-01-28 16:00:00'),
('5471289', '2021-01-29', '2021-01-29 08:00:00', '2021-01-29 16:00:00'),
('5471289', '2021-01-30', '2021-01-30 08:00:00', '2021-01-30 16:00:00'),
('5471289', '2021-02-01', '2021-02-01 08:00:00', '2021-02-01 16:00:00'),
('5471289', '2021-02-02', '2021-02-02 08:00:00', '2021-02-02 16:00:00'),
('5471289', '2021-02-03', '2021-02-03 08:00:00', '2021-02-03 16:00:00'),
('5471289', '2021-02-04', '2021-02-04 08:00:00', '2021-02-04 16:00:00'),
('5471289', '2021-02-05', '2021-02-05 08:00:00', '2021-02-05 16:00:00'),
('5471289', '2021-02-06', '2021-02-06 08:00:00', '2021-02-06 16:00:00'),
('5471289', '2021-02-07', '2021-02-07 08:00:00', '2021-02-07 16:00:00'),
('5471289', '2021-02-08', '2021-02-08 08:00:00', '2021-02-08 16:00:00'),
('5471289', '2021-02-09', '2021-02-09 08:00:00', '2021-02-09 16:00:00'),
('5471289', '2021-02-10', '2021-02-10 08:00:00', '2021-02-10 16:00:00'),
('5471289', '2021-02-11', '2021-02-11 08:00:00', '2021-02-11 16:00:00'),
('5471289', '2021-02-12', '2021-02-12 08:00:00', '2021-02-12 16:00:00'),
('5471289', '2021-02-13', '2021-02-13 08:00:00', '2021-02-13 16:00:00'),
('5471289', '2021-02-14', '2021-02-14 08:00:00', '2021-02-14 16:00:00'),
('5471289', '2021-02-15', '2021-02-15 08:00:00', '2021-02-15 16:00:00'),
('5471289', '2021-02-16', '2021-02-16 08:00:00', '2021-02-16 16:00:00'),
('5471289', '2021-02-17', '2021-02-17 08:00:00', '2021-02-17 16:00:00'),
('5471289', '2021-02-18', '2021-02-18 08:00:00', '2021-02-18 16:00:00'),
('5471289', '2021-02-19', '2021-02-19 08:00:00', '2021-02-19 16:00:00'),
('5471289', '2021-02-20', '2021-02-20 08:00:00', '2021-02-20 16:00:00'),
('5471289', '2021-02-21', '2021-02-21 08:00:00', '2021-02-21 16:00:00'),
('5471289', '2021-02-22', '2021-02-22 08:00:00', '2021-02-22 16:00:00'),
('5471289', '2021-02-23', '2021-02-23 08:00:00', '2021-02-23 16:00:00'),
('5471289', '2021-02-24', '2021-02-24 08:00:00', '2021-02-24 16:00:00'),
('5471289', '2021-02-25', '2021-02-25 08:00:00', '2021-02-25 16:00:00'),
('5471289', '2021-02-26', '2021-02-26 08:00:00', '2021-02-26 16:00:00'),
('5471289', '2021-02-27', '2021-02-27 08:00:00', '2021-02-27 16:00:00'),
('5471289', '2021-02-28', '2021-02-28 08:00:00', '2021-02-28 16:00:00'),
('5471289', '2021-03-01', '2021-03-01 08:00:00', '2021-03-01 16:00:00'),
('5471289', '2021-03-02', '2021-03-02 08:00:00', '2021-03-02 16:00:00'),
('5471289', '2021-03-03', '2021-03-03 08:00:00', '2021-03-03 16:00:00'),
('5471289', '2021-03-04', '2021-03-04 08:00:00', '2021-03-04 16:00:00'),
('5471289', '2021-03-05', '2021-03-05 08:00:00', '2021-03-05 16:00:00'),
('3261458', '2021-01-01', '2021-01-01 08:00:00', '2021-01-01 16:00:00'),
('3261458', '2021-01-02', '2021-01-02 08:00:00', '2021-01-02 16:00:00'),
('3261458', '2021-01-03', '2021-01-03 08:00:00', '2021-01-03 16:00:00'),
('3261458', '2021-01-04', '2021-01-04 08:00:00', '2021-01-04 16:00:00'),
('3261458', '2021-01-05', '2021-01-05 08:00:00', '2021-01-05 16:00:00'),
('3261458', '2021-01-06', '2021-01-06 08:00:00', '2021-01-06 16:00:00'),
('3261458', '2021-01-07', '2021-01-07 08:00:00', '2021-01-07 16:00:00'),
('3261458', '2021-01-08', '2021-01-08 08:00:00', '2021-01-08 16:00:00'),
('3261458', '2021-01-09', '2021-01-09 08:00:00', '2021-01-09 16:00:00'),
('3261458', '2021-01-10', '2021-01-10 08:00:00', '2021-01-10 16:00:00'),
('3261458', '2021-01-11', '2021-01-11 08:00:00', '2021-01-11 16:00:00'),
('3261458', '2021-01-12', '2021-01-12 08:00:00', '2021-01-12 16:00:00'),
('3261458', '2021-01-13', '2021-01-13 08:00:00', '2021-01-13 16:00:00'),
('3261458', '2021-01-14', '2021-01-14 08:00:00', '2021-01-14 16:00:00'),
('3261458', '2021-01-15', '2021-01-15 08:00:00', '2021-01-15 16:00:00'),
('3261458', '2021-01-16', '2021-01-16 08:00:00', '2021-01-16 16:00:00'),
('3261458', '2021-01-17', '2021-01-17 08:00:00', '2021-01-17 16:00:00'),
('3261458', '2021-01-18', '2021-01-18 08:00:00', '2021-01-18 16:00:00'),
('3261458', '2021-01-19', '2021-01-19 08:00:00', '2021-01-19 16:00:00'),
('3261458', '2021-01-20', '2021-01-20 08:00:00', '2021-01-20 16:00:00'),
('3261458', '2021-01-21', '2021-01-21 08:00:00', '2021-01-21 16:00:00'),
('3261458', '2021-01-22', '2021-01-22 08:00:00', '2021-01-22 16:00:00'),
('3261458', '2021-01-23', '2021-01-23 08:00:00', '2021-01-23 16:00:00'),
('3261458', '2021-01-24', '2021-01-24 08:00:00', '2021-01-24 16:00:00'),
('3261458', '2021-01-25', '2021-01-25 08:00:00', '2021-01-25 16:00:00'),
('3261458', '2021-01-26', '2021-01-26 08:00:00', '2021-01-26 16:00:00'),
('3261458', '2021-01-27', '2021-01-27 08:00:00', '2021-01-27 16:00:00'),
('3261458', '2021-01-28', '2021-01-28 08:00:00', '2021-01-28 16:00:00'),
('3261458', '2021-01-29', '2021-01-29 08:00:00', '2021-01-29 16:00:00'),
('3261458', '2021-01-30', '2021-01-30 08:00:00', '2021-01-30 16:00:00'),
('3261458', '2021-02-01', '2021-02-01 08:00:00', '2021-02-01 16:00:00'),
('3261458', '2021-02-02', '2021-02-02 08:00:00', '2021-02-02 16:00:00'),
('3261458', '2021-02-03', '2021-02-03 08:00:00', '2021-02-03 16:00:00'),
('3261458', '2021-02-04', '2021-02-04 08:00:00', '2021-02-04 16:00:00'),
('3261458', '2021-02-05', '2021-02-05 08:00:00', '2021-02-05 16:00:00'),
('3261458', '2021-02-06', '2021-02-06 08:00:00', '2021-02-06 16:00:00'),
('3261458', '2021-02-07', '2021-02-07 08:00:00', '2021-02-07 16:00:00'),
('3261458', '2021-02-08', '2021-02-08 08:00:00', '2021-02-08 16:00:00'),
('3261458', '2021-02-09', '2021-02-09 08:00:00', '2021-02-09 16:00:00'),
('3261458', '2021-02-10', '2021-02-10 08:00:00', '2021-02-10 16:00:00'),
('3261458', '2021-02-11', '2021-02-11 08:00:00', '2021-02-11 16:00:00'),
('3261458', '2021-02-12', '2021-02-12 08:00:00', '2021-02-12 16:00:00'),
('3261458', '2021-02-13', '2021-02-13 08:00:00', '2021-02-13 16:00:00'),
('3261458', '2021-02-14', '2021-02-14 08:00:00', '2021-02-14 16:00:00'),
('3261458', '2021-02-15', '2021-02-15 08:00:00', '2021-02-15 16:00:00'),
('3261458', '2021-02-16', '2021-02-16 08:00:00', '2021-02-16 16:00:00'),
('3261458', '2021-02-17', '2021-02-17 08:00:00', '2021-02-17 16:00:00'),
('3261458', '2021-02-18', '2021-02-18 08:00:00', '2021-02-18 16:00:00'),
('3261458', '2021-02-19', '2021-02-19 08:00:00', '2021-02-19 16:00:00'),
('3261458', '2021-02-20', '2021-02-20 08:00:00', '2021-02-20 16:00:00'),
('3261458', '2021-02-21', '2021-02-21 08:00:00', '2021-02-21 16:00:00'),
('3261458', '2021-02-22', '2021-02-22 08:00:00', '2021-02-22 16:00:00'),
('3261458', '2021-02-23', '2021-02-23 08:00:00', '2021-02-23 16:00:00'),
('3261458', '2021-02-24', '2021-02-24 08:00:00', '2021-02-24 16:00:00'),
('3261458', '2021-02-25', '2021-02-25 08:00:00', '2021-02-25 16:00:00'),
('3261458', '2021-02-26', '2021-02-26 08:00:00', '2021-02-26 16:00:00'),
('3261458', '2021-02-27', '2021-02-27 08:00:00', '2021-02-27 16:00:00'),
('3261458', '2021-02-28', '2021-02-28 08:00:00', '2021-02-28 16:00:00'),
('3261458', '2021-03-01', '2021-03-01 08:00:00', '2021-03-01 16:00:00'),
('3261458', '2021-03-02', '2021-03-02 08:00:00', '2021-03-02 16:00:00'),
('3261458', '2021-03-03', '2021-03-03 08:00:00', '2021-03-03 16:00:00'),
('3261458', '2021-03-04', '2021-03-04 08:00:00', '2021-03-04 16:00:00'),
('3261458', '2021-03-05', '2021-03-05 08:00:00', '2021-03-05 16:00:00'),
('1245789', '2021-01-01', '2021-01-01 08:00:00', '2021-01-01 16:00:00'),
('1245789', '2021-01-02', '2021-01-02 08:00:00', '2021-01-02 16:00:00'),
('1245789', '2021-01-03', '2021-01-03 08:00:00', '2021-01-03 16:00:00'),
('1245789', '2021-01-04', '2021-01-04 08:00:00', '2021-01-04 16:00:00'),
('1245789', '2021-01-05', '2021-01-05 08:00:00', '2021-01-05 16:00:00'),
('1245789', '2021-01-06', '2021-01-06 08:00:00', '2021-01-06 16:00:00'),
('1245789', '2021-01-07', '2021-01-07 08:00:00', '2021-01-07 16:00:00'),
('1245789', '2021-01-08', '2021-01-08 08:00:00', '2021-01-08 16:00:00'),
('1245789', '2021-01-09', '2021-01-09 08:00:00', '2021-01-09 16:00:00'),
('1245789', '2021-01-10', '2021-01-10 08:00:00', '2021-01-10 16:00:00'),
('1245789', '2021-01-11', '2021-01-11 08:00:00', '2021-01-11 16:00:00'),
('1245789', '2021-01-12', '2021-01-12 08:00:00', '2021-01-12 16:00:00'),
('1245789', '2021-01-13', '2021-01-13 08:00:00', '2021-01-13 16:00:00'),
('1245789', '2021-01-14', '2021-01-14 08:00:00', '2021-01-14 16:00:00'),
('1245789', '2021-01-15', '2021-01-15 08:00:00', '2021-01-15 16:00:00'),
('1245789', '2021-01-16', '2021-01-16 08:00:00', '2021-01-16 16:00:00'),
('1245789', '2021-01-17', '2021-01-17 08:00:00', '2021-01-17 16:00:00'),
('1245789', '2021-01-18', '2021-01-18 08:00:00', '2021-01-18 16:00:00'),
('1245789', '2021-01-19', '2021-01-19 08:00:00', '2021-01-19 16:00:00'),
('1245789', '2021-01-20', '2021-01-20 08:00:00', '2021-01-20 16:00:00'),
('1245789', '2021-01-21', '2021-01-21 08:00:00', '2021-01-21 16:00:00'),
('1245789', '2021-01-22', '2021-01-22 08:00:00', '2021-01-22 16:00:00'),
('1245789', '2021-01-23', '2021-01-23 08:00:00', '2021-01-23 16:00:00'),
('1245789', '2021-01-24', '2021-01-24 08:00:00', '2021-01-24 16:00:00'),
('1245789', '2021-01-25', '2021-01-25 08:00:00', '2021-01-25 16:00:00'),
('1245789', '2021-01-26', '2021-01-26 08:00:00', '2021-01-26 16:00:00'),
('1245789', '2021-01-27', '2021-01-27 08:00:00', '2021-01-27 16:00:00'),
('1245789', '2021-01-28', '2021-01-28 08:00:00', '2021-01-28 16:00:00'),
('1245789', '2021-01-29', '2021-01-29 08:00:00', '2021-01-29 16:00:00'),
('1245789', '2021-01-30', '2021-01-30 08:00:00', '2021-01-30 16:00:00'),
('1245789', '2021-02-01', '2021-02-01 08:00:00', '2021-02-01 16:00:00'),
('1245789', '2021-02-02', '2021-02-02 08:00:00', '2021-02-02 16:00:00'),
('1245789', '2021-02-03', '2021-02-03 08:00:00', '2021-02-03 16:00:00'),
('1245789', '2021-02-04', '2021-02-04 08:00:00', '2021-02-04 16:00:00'),
('1245789', '2021-02-05', '2021-02-05 08:00:00', '2021-02-05 16:00:00'),
('1245789', '2021-02-06', '2021-02-06 08:00:00', '2021-02-06 16:00:00'),
('1245789', '2021-02-07', '2021-02-07 08:00:00', '2021-02-07 16:00:00'),
('1245789', '2021-02-08', '2021-02-08 08:00:00', '2021-02-08 16:00:00'),
('1245789', '2021-02-09', '2021-02-09 08:00:00', '2021-02-09 16:00:00'),
('1245789', '2021-02-10', '2021-02-10 08:00:00', '2021-02-10 16:00:00'),
('1245789', '2021-02-11', '2021-02-11 08:00:00', '2021-02-11 16:00:00'),
('1245789', '2021-02-12', '2021-02-12 08:00:00', '2021-02-12 16:00:00'),
('1245789', '2021-02-13', '2021-02-13 08:00:00', '2021-02-13 16:00:00'),
('1245789', '2021-02-14', '2021-02-14 08:00:00', '2021-02-14 16:00:00'),
('1245789', '2021-02-15', '2021-02-15 08:00:00', '2021-02-15 16:00:00'),
('1245789', '2021-02-16', '2021-02-16 08:00:00', '2021-02-16 16:00:00'),
('1245789', '2021-02-17', '2021-02-17 08:00:00', '2021-02-17 16:00:00'),
('1245789', '2021-02-18', '2021-02-18 08:00:00', '2021-02-18 16:00:00'),
('1245789', '2021-02-19', '2021-02-19 08:00:00', '2021-02-19 16:00:00'),
('1245789', '2021-02-20', '2021-02-20 08:00:00', '2021-02-20 16:00:00'),
('1245789', '2021-02-21', '2021-02-21 08:00:00', '2021-02-21 16:00:00'),
('1245789', '2021-02-22', '2021-02-22 08:00:00', '2021-02-22 16:00:00'),
('1245789', '2021-02-23', '2021-02-23 08:00:00', '2021-02-23 16:00:00'),
('1245789', '2021-02-24', '2021-02-24 08:00:00', '2021-02-24 16:00:00'),
('1245789', '2021-02-25', '2021-02-25 08:00:00', '2021-02-25 16:00:00'),
('1245789', '2021-02-26', '2021-02-26 08:00:00', '2021-02-26 16:00:00'),
('1245789', '2021-02-27', '2021-02-27 08:00:00', '2021-02-27 16:00:00'),
('1245789', '2021-02-28', '2021-02-28 08:00:00', '2021-02-28 16:00:00'),
('1245789', '2021-03-01', '2021-03-01 08:00:00', '2021-03-01 16:00:00'),
('1245789', '2021-03-02', '2021-03-02 08:00:00', '2021-03-02 16:00:00'),
('1245789', '2021-03-03', '2021-03-03 08:00:00', '2021-03-03 16:00:00'),
('1245789', '2021-03-04', '2021-03-04 08:00:00', '2021-03-04 16:00:00'),
('1245789', '2021-03-05', '2021-03-05 08:00:00', '2021-03-05 16:00:00'),
('9125463', '2021-01-01', '2021-01-01 08:00:00', '2021-01-01 16:00:00'),
('9125463', '2021-01-02', '2021-01-02 08:00:00', '2021-01-02 16:00:00'),
('9125463', '2021-01-03', '2021-01-03 08:00:00', '2021-01-03 16:00:00'),
('9125463', '2021-01-04', '2021-01-04 08:00:00', '2021-01-04 16:00:00'),
('9125463', '2021-01-05', '2021-01-05 08:00:00', '2021-01-05 16:00:00'),
('9125463', '2021-01-06', '2021-01-06 08:00:00', '2021-01-06 16:00:00'),
('9125463', '2021-01-07', '2021-01-07 08:00:00', '2021-01-07 16:00:00'),
('9125463', '2021-01-08', '2021-01-08 08:00:00', '2021-01-08 16:00:00'),
('9125463', '2021-01-09', '2021-01-09 08:00:00', '2021-01-09 16:00:00'),
('9125463', '2021-01-10', '2021-01-10 08:00:00', '2021-01-10 16:00:00'),
('9125463', '2021-01-11', '2021-01-11 08:00:00', '2021-01-11 16:00:00'),
('9125463', '2021-01-12', '2021-01-12 08:00:00', '2021-01-12 16:00:00'),
('9125463', '2021-01-13', '2021-01-13 08:00:00', '2021-01-13 16:00:00'),
('9125463', '2021-01-14', '2021-01-14 08:00:00', '2021-01-14 16:00:00'),
('9125463', '2021-01-15', '2021-01-15 08:00:00', '2021-01-15 16:00:00'),
('9125463', '2021-01-16', '2021-01-16 08:00:00', '2021-01-16 16:00:00'),
('9125463', '2021-01-17', '2021-01-17 08:00:00', '2021-01-17 16:00:00'),
('9125463', '2021-01-18', '2021-01-18 08:00:00', '2021-01-18 16:00:00'),
('9125463', '2021-01-19', '2021-01-19 08:00:00', '2021-01-19 16:00:00'),
('9125463', '2021-01-20', '2021-01-20 08:00:00', '2021-01-20 16:00:00'),
('9125463', '2021-01-21', '2021-01-21 08:00:00', '2021-01-21 16:00:00'),
('9125463', '2021-01-22', '2021-01-22 08:00:00', '2021-01-22 16:00:00'),
('9125463', '2021-01-23', '2021-01-23 08:00:00', '2021-01-23 16:00:00'),
('9125463', '2021-01-24', '2021-01-24 08:00:00', '2021-01-24 16:00:00'),
('9125463', '2021-01-25', '2021-01-25 08:00:00', '2021-01-25 16:00:00'),
('9125463', '2021-01-26', '2021-01-26 08:00:00', '2021-01-26 16:00:00'),
('9125463', '2021-01-27', '2021-01-27 08:00:00', '2021-01-27 16:00:00'),
('9125463', '2021-01-28', '2021-01-28 08:00:00', '2021-01-28 16:00:00'),
('9125463', '2021-01-29', '2021-01-29 08:00:00', '2021-01-29 16:00:00'),
('9125463', '2021-01-30', '2021-01-30 08:00:00', '2021-01-30 16:00:00'),
('9125463', '2021-02-01', '2021-02-01 08:00:00', '2021-02-01 16:00:00'),
('9125463', '2021-02-02', '2021-02-02 08:00:00', '2021-02-02 16:00:00'),
('9125463', '2021-02-03', '2021-02-03 08:00:00', '2021-02-03 16:00:00'),
('9125463', '2021-02-04', '2021-02-04 08:00:00', '2021-02-04 16:00:00'),
('9125463', '2021-02-05', '2021-02-05 08:00:00', '2021-02-05 16:00:00'),
('9125463', '2021-02-06', '2021-02-06 08:00:00', '2021-02-06 16:00:00'),
('9125463', '2021-02-07', '2021-02-07 08:00:00', '2021-02-07 16:00:00'),
('9125463', '2021-02-08', '2021-02-08 08:00:00', '2021-02-08 16:00:00'),
('9125463', '2021-02-09', '2021-02-09 08:00:00', '2021-02-09 16:00:00'),
('9125463', '2021-02-10', '2021-02-10 08:00:00', '2021-02-10 16:00:00'),
('9125463', '2021-02-11', '2021-02-11 08:00:00', '2021-02-11 16:00:00'),
('9125463', '2021-02-12', '2021-02-12 08:00:00', '2021-02-12 16:00:00'),
('9125463', '2021-02-13', '2021-02-13 08:00:00', '2021-02-13 16:00:00'),
('9125463', '2021-02-14', '2021-02-14 08:00:00', '2021-02-14 16:00:00'),
('9125463', '2021-02-15', '2021-02-15 08:00:00', '2021-02-15 16:00:00'),
('9125463', '2021-02-16', '2021-02-16 08:00:00', '2021-02-16 16:00:00'),
('9125463', '2021-02-17', '2021-02-17 08:00:00', '2021-02-17 16:00:00'),
('9125463', '2021-02-18', '2021-02-18 08:00:00', '2021-02-18 16:00:00'),
('9125463', '2021-02-19', '2021-02-19 08:00:00', '2021-02-19 16:00:00'),
('9125463', '2021-02-20', '2021-02-20 08:00:00', '2021-02-20 16:00:00'),
('9125463', '2021-02-21', '2021-02-21 08:00:00', '2021-02-21 16:00:00'),
('9125463', '2021-02-22', '2021-02-22 08:00:00', '2021-02-22 16:00:00'),
('9125463', '2021-02-23', '2021-02-23 08:00:00', '2021-02-23 16:00:00'),
('9125463', '2021-02-24', '2021-02-24 08:00:00', '2021-02-24 16:00:00'),
('9125463', '2021-02-25', '2021-02-25 08:00:00', '2021-02-25 16:00:00'),
('9125463', '2021-02-26', '2021-02-26 08:00:00', '2021-02-26 16:00:00'),
('9125463', '2021-02-27', '2021-02-27 08:00:00', '2021-02-27 16:00:00'),
('9125463', '2021-02-28', '2021-02-28 08:00:00', '2021-02-28 16:00:00'),
('9125463', '2021-03-01', '2021-03-01 08:00:00', '2021-03-01 16:00:00'),
('9125463', '2021-03-02', '2021-03-02 08:00:00', '2021-03-02 16:00:00'),
('9125463', '2021-03-03', '2021-03-03 08:00:00', '2021-03-03 16:00:00'),
('9125463', '2021-03-04', '2021-03-04 08:00:00', '2021-03-04 16:00:00'),
('9125463', '2021-03-05', '2021-03-05 08:00:00', '2021-03-05 16:00:00'),
('0625612', '2021-01-01', '2021-01-01 08:00:00', '2021-01-01 16:00:00'),
('0625612', '2021-01-02', '2021-01-02 08:00:00', '2021-01-02 16:00:00'),
('0625612', '2021-01-03', '2021-01-03 08:00:00', '2021-01-03 16:00:00'),
('0625612', '2021-01-04', '2021-01-04 08:00:00', '2021-01-04 16:00:00'),
('0625612', '2021-01-05', '2021-01-05 08:00:00', '2021-01-05 16:00:00'),
('0625612', '2021-01-06', '2021-01-06 08:00:00', '2021-01-06 16:00:00'),
('0625612', '2021-01-07', '2021-01-07 08:00:00', '2021-01-07 16:00:00'),
('0625612', '2021-01-08', '2021-01-08 08:00:00', '2021-01-08 16:00:00'),
('0625612', '2021-01-09', '2021-01-09 08:00:00', '2021-01-09 16:00:00'),
('0625612', '2021-01-10', '2021-01-10 08:00:00', '2021-01-10 16:00:00'),
('0625612', '2021-01-11', '2021-01-11 08:00:00', '2021-01-11 16:00:00'),
('0625612', '2021-01-12', '2021-01-12 08:00:00', '2021-01-12 16:00:00'),
('0625612', '2021-01-13', '2021-01-13 08:00:00', '2021-01-13 16:00:00'),
('0625612', '2021-01-14', '2021-01-14 08:00:00', '2021-01-14 16:00:00'),
('0625612', '2021-01-15', '2021-01-15 08:00:00', '2021-01-15 16:00:00'),
('0625612', '2021-01-16', '2021-01-16 08:00:00', '2021-01-16 16:00:00'),
('0625612', '2021-01-17', '2021-01-17 08:00:00', '2021-01-17 16:00:00'),
('0625612', '2021-01-18', '2021-01-18 08:00:00', '2021-01-18 16:00:00'),
('0625612', '2021-01-19', '2021-01-19 08:00:00', '2021-01-19 16:00:00'),
('0625612', '2021-01-20', '2021-01-20 08:00:00', '2021-01-20 16:00:00'),
('0625612', '2021-01-21', '2021-01-21 08:00:00', '2021-01-21 16:00:00'),
('0625612', '2021-01-22', '2021-01-22 08:00:00', '2021-01-22 16:00:00'),
('0625612', '2021-01-23', '2021-01-23 08:00:00', '2021-01-23 16:00:00'),
('0625612', '2021-01-24', '2021-01-24 08:00:00', '2021-01-24 16:00:00'),
('0625612', '2021-01-25', '2021-01-25 08:00:00', '2021-01-25 16:00:00'),
('0625612', '2021-01-26', '2021-01-26 08:00:00', '2021-01-26 16:00:00'),
('0625612', '2021-01-27', '2021-01-27 08:00:00', '2021-01-27 16:00:00'),
('0625612', '2021-01-28', '2021-01-28 08:00:00', '2021-01-28 16:00:00'),
('0625612', '2021-01-29', '2021-01-29 08:00:00', '2021-01-29 16:00:00'),
('0625612', '2021-01-30', '2021-01-30 08:00:00', '2021-01-30 16:00:00'),
('0625612', '2021-02-01', '2021-02-01 08:00:00', '2021-02-01 16:00:00'),
('0625612', '2021-02-02', '2021-02-02 08:00:00', '2021-02-02 16:00:00'),
('0625612', '2021-02-03', '2021-02-03 08:00:00', '2021-02-03 16:00:00'),
('0625612', '2021-02-04', '2021-02-04 08:00:00', '2021-02-04 16:00:00'),
('0625612', '2021-02-05', '2021-02-05 08:00:00', '2021-02-05 16:00:00'),
('0625612', '2021-02-06', '2021-02-06 08:00:00', '2021-02-06 16:00:00'),
('0625612', '2021-02-07', '2021-02-07 08:00:00', '2021-02-07 16:00:00'),
('0625612', '2021-02-08', '2021-02-08 08:00:00', '2021-02-08 16:00:00'),
('0625612', '2021-02-09', '2021-02-09 08:00:00', '2021-02-09 16:00:00'),
('0625612', '2021-02-10', '2021-02-10 08:00:00', '2021-02-10 16:00:00'),
('0625612', '2021-02-11', '2021-02-11 08:00:00', '2021-02-11 16:00:00'),
('0625612', '2021-02-12', '2021-02-12 08:00:00', '2021-02-12 16:00:00'),
('0625612', '2021-02-13', '2021-02-13 08:00:00', '2021-02-13 16:00:00'),
('0625612', '2021-02-14', '2021-02-14 08:00:00', '2021-02-14 16:00:00'),
('0625612', '2021-02-15', '2021-02-15 08:00:00', '2021-02-15 16:00:00'),
('0625612', '2021-02-16', '2021-02-16 08:00:00', '2021-02-16 16:00:00'),
('0625612', '2021-02-17', '2021-02-17 08:00:00', '2021-02-17 16:00:00'),
('0625612', '2021-02-18', '2021-02-18 08:00:00', '2021-02-18 16:00:00'),
('0625612', '2021-02-19', '2021-02-19 08:00:00', '2021-02-19 16:00:00'),
('0625612', '2021-02-20', '2021-02-20 08:00:00', '2021-02-20 16:00:00'),
('0625612', '2021-02-21', '2021-02-21 08:00:00', '2021-02-21 16:00:00'),
('0625612', '2021-02-22', '2021-02-22 08:00:00', '2021-02-22 16:00:00'),
('0625612', '2021-02-23', '2021-02-23 08:00:00', '2021-02-23 16:00:00'),
('0625612', '2021-02-24', '2021-02-24 08:00:00', '2021-02-24 16:00:00'),
('0625612', '2021-02-25', '2021-02-25 08:00:00', '2021-02-25 16:00:00'),
('0625612', '2021-02-26', '2021-02-26 08:00:00', '2021-02-26 16:00:00'),
('0625612', '2021-02-27', '2021-02-27 08:00:00', '2021-02-27 16:00:00'),
('0625612', '2021-02-28', '2021-02-28 08:00:00', '2021-02-28 16:00:00'),
('0625612', '2021-03-01', '2021-03-01 08:00:00', '2021-03-01 16:00:00'),
('0625612', '2021-03-02', '2021-03-02 08:00:00', '2021-03-02 16:00:00'),
('0625612', '2021-03-03', '2021-03-03 08:00:00', '2021-03-03 16:00:00'),
('0625612', '2021-03-04', '2021-03-04 08:00:00', '2021-03-04 16:00:00'),
('0625612', '2021-03-05', '2021-03-05 08:00:00', '2021-03-05 16:00:00');
