insert into facility (id, city, name, phone_number, postal_code, street)
values
(1, 'Warszawa', 'Centrum Medyczne LUX MED', '22 332 28 88', '02-796', 'Migdałowa 4'),
(2, 'Warszawa', 'Centrum Medicover - Inflancka', '500 900 500', '00-189', 'Inflancka 5'),
(3, 'Warszawa', 'Centrum Medyczne Enel-Med Puławska Warszawa', '22 230 70 07', '02-819', 'Puławska 326');


insert into doctor(pwz, first_name, last_name, phone_number, facility_id)
values
('7438012', 'Janusz', 'Kowalski', '653577124', 1),
('5174928', 'Marek', 'Nowacki', '754126389', 2),
('5712569', 'Tomasz', 'Nowak', '641258745', 3),
('3129077', 'Jerzy', 'Barsz', '541986325', 1),
('0625612', 'Dariusz', 'Kanapowicz', '789456325', 2),
('5471289', 'Grażyna', 'Piekarska', '741752985', 3),
('3261458', 'Bożena', 'Kucharska', '569874123', 1),
('1245789', 'Mariola', 'Szklanecka', '555478969', 2),
('9125463', 'Fred', 'Johnson', '758961234', 3);

insert into schedule (doctor_id, date, start_time, end_time)
values
('7438012', '2020-06-01', '2020-06-01 08:00:00', '2020-06-01 16:00:00'),
('7438012', '2020-06-02', '2020-06-02 08:00:00', '2020-06-02 16:00:00'),
('7438012', '2020-06-03', '2020-06-03 08:00:00', '2020-06-03 16:00:00'),
('7438012', '2020-06-04', '2020-06-04 08:00:00', '2020-06-04 16:00:00'),
('7438012', '2020-06-05', '2020-06-05 08:00:00', '2020-06-05 16:00:00'),
('7438012', '2020-06-06', '2020-06-06 08:00:00', '2020-06-06 16:00:00'),
('7438012', '2020-06-07', '2020-06-07 08:00:00', '2020-06-07 16:00:00'),
('7438012', '2020-06-08', '2020-06-08 08:00:00', '2020-06-08 16:00:00'),
('7438012', '2020-06-09', '2020-06-09 08:00:00', '2020-06-09 16:00:00'),
('7438012', '2020-06-10', '2020-06-10 08:00:00', '2020-06-10 16:00:00'),
('7438012', '2020-06-11', '2020-06-11 08:00:00', '2020-06-11 16:00:00'),
('7438012', '2020-06-12', '2020-06-12 08:00:00', '2020-06-12 16:00:00'),
('7438012', '2020-06-13', '2020-06-13 08:00:00', '2020-06-13 16:00:00'),
('7438012', '2020-06-14', '2020-06-14 08:00:00', '2020-06-14 16:00:00'),
('7438012', '2020-06-15', '2020-06-15 08:00:00', '2020-06-15 16:00:00'),
('7438012', '2020-06-16', '2020-06-16 08:00:00', '2020-06-16 16:00:00'),
('7438012', '2020-06-17', '2020-06-17 08:00:00', '2020-06-17 16:00:00'),
('7438012', '2020-06-18', '2020-06-18 08:00:00', '2020-06-18 16:00:00'),
('7438012', '2020-06-19', '2020-06-19 08:00:00', '2020-06-19 16:00:00'),
('7438012', '2020-06-20', '2020-06-20 08:00:00', '2020-06-20 16:00:00'),
('7438012', '2020-06-21', '2020-06-21 08:00:00', '2020-06-21 16:00:00'),
('7438012', '2020-06-22', '2020-06-22 08:00:00', '2020-06-22 16:00:00'),
('7438012', '2020-06-23', '2020-06-23 08:00:00', '2020-06-23 16:00:00'),
('7438012', '2020-06-24', '2020-06-24 08:00:00', '2020-06-24 16:00:00'),
('7438012', '2020-06-25', '2020-06-25 08:00:00', '2020-06-25 16:00:00'),
('7438012', '2020-06-26', '2020-06-26 08:00:00', '2020-06-26 16:00:00'),
('7438012', '2020-06-27', '2020-06-27 08:00:00', '2020-06-27 16:00:00'),
('7438012', '2020-06-28', '2020-06-28 08:00:00', '2020-06-28 16:00:00'),
('7438012', '2020-06-29', '2020-06-29 08:00:00', '2020-06-29 16:00:00'),
('7438012', '2020-06-30', '2020-06-30 08:00:00', '2020-06-30 16:00:00'),
('7438012', '2020-07-01', '2020-07-01 08:00:00', '2020-07-01 16:00:00'),
('7438012', '2020-07-02', '2020-07-02 08:00:00', '2020-07-02 16:00:00'),
('7438012', '2020-07-03', '2020-07-03 08:00:00', '2020-07-03 16:00:00'),
('7438012', '2020-07-04', '2020-07-04 08:00:00', '2020-07-04 16:00:00'),
('7438012', '2020-07-05', '2020-07-05 08:00:00', '2020-07-05 16:00:00'),
('7438012', '2020-07-06', '2020-07-06 08:00:00', '2020-07-06 16:00:00'),
('7438012', '2020-07-07', '2020-07-07 08:00:00', '2020-07-07 16:00:00'),
('7438012', '2020-07-08', '2020-07-08 08:00:00', '2020-07-08 16:00:00'),
('7438012', '2020-07-09', '2020-07-09 08:00:00', '2020-07-09 16:00:00'),
('7438012', '2020-07-10', '2020-07-10 08:00:00', '2020-07-10 16:00:00'),
('7438012', '2020-07-11', '2020-07-11 08:00:00', '2020-07-11 16:00:00'),
('7438012', '2020-07-12', '2020-07-12 08:00:00', '2020-07-12 16:00:00'),
('7438012', '2020-07-13', '2020-07-13 08:00:00', '2020-07-13 16:00:00'),
('7438012', '2020-07-14', '2020-07-14 08:00:00', '2020-07-14 16:00:00'),
('7438012', '2020-07-15', '2020-07-15 08:00:00', '2020-07-15 16:00:00'),
('7438012', '2020-07-16', '2020-07-16 08:00:00', '2020-07-16 16:00:00'),
('7438012', '2020-07-17', '2020-07-17 08:00:00', '2020-07-17 16:00:00'),
('7438012', '2020-07-18', '2020-07-18 08:00:00', '2020-07-18 16:00:00'),
('7438012', '2020-07-19', '2020-07-19 08:00:00', '2020-07-19 16:00:00'),
('7438012', '2020-07-20', '2020-07-20 08:00:00', '2020-07-20 16:00:00'),
('7438012', '2020-07-21', '2020-07-21 08:00:00', '2020-07-21 16:00:00'),
('7438012', '2020-07-22', '2020-07-22 08:00:00', '2020-07-22 16:00:00'),
('7438012', '2020-07-23', '2020-07-23 08:00:00', '2020-07-23 16:00:00'),
('7438012', '2020-07-24', '2020-07-24 08:00:00', '2020-07-24 16:00:00'),
('7438012', '2020-07-25', '2020-07-25 08:00:00', '2020-07-25 16:00:00'),
('7438012', '2020-07-26', '2020-07-26 08:00:00', '2020-07-26 16:00:00'),
('7438012', '2020-07-27', '2020-07-27 08:00:00', '2020-07-27 16:00:00'),
('7438012', '2020-07-28', '2020-07-28 08:00:00', '2020-07-28 16:00:00'),
('7438012', '2020-07-29', '2020-07-29 08:00:00', '2020-07-29 16:00:00'),
('7438012', '2020-07-30', '2020-07-30 08:00:00', '2020-07-30 16:00:00'),
('7438012', '2020-07-31', '2020-07-31 08:00:00', '2020-07-31 16:00:00'),
('7438012', '2020-08-01', '2020-08-01 08:00:00', '2020-08-01 16:00:00'),
('7438012', '2020-08-02', '2020-08-02 08:00:00', '2020-08-02 16:00:00'),
('7438012', '2020-08-03', '2020-08-03 08:00:00', '2020-08-03 16:00:00'),
('7438012', '2020-08-04', '2020-08-04 08:00:00', '2020-08-04 16:00:00'),
('7438012', '2020-08-05', '2020-08-05 08:00:00', '2020-08-05 16:00:00'),
('5174928', '2020-06-01', '2020-06-01 08:00:00', '2020-06-01 16:00:00'),
('5174928', '2020-06-02', '2020-06-02 08:00:00', '2020-06-02 16:00:00'),
('5174928', '2020-06-03', '2020-06-03 08:00:00', '2020-06-03 16:00:00'),
('5174928', '2020-06-04', '2020-06-04 08:00:00', '2020-06-04 16:00:00'),
('5174928', '2020-06-05', '2020-06-05 08:00:00', '2020-06-05 16:00:00'),
('5174928', '2020-06-06', '2020-06-06 08:00:00', '2020-06-06 16:00:00'),
('5174928', '2020-06-07', '2020-06-07 08:00:00', '2020-06-07 16:00:00'),
('5174928', '2020-06-08', '2020-06-08 08:00:00', '2020-06-08 16:00:00'),
('5174928', '2020-06-09', '2020-06-09 08:00:00', '2020-06-09 16:00:00'),
('5174928', '2020-06-10', '2020-06-10 08:00:00', '2020-06-10 16:00:00'),
('5174928', '2020-06-11', '2020-06-11 08:00:00', '2020-06-11 16:00:00'),
('5174928', '2020-06-12', '2020-06-12 08:00:00', '2020-06-12 16:00:00'),
('5174928', '2020-06-13', '2020-06-13 08:00:00', '2020-06-13 16:00:00'),
('5174928', '2020-06-14', '2020-06-14 08:00:00', '2020-06-14 16:00:00'),
('5174928', '2020-06-15', '2020-06-15 08:00:00', '2020-06-15 16:00:00'),
('5174928', '2020-06-16', '2020-06-16 08:00:00', '2020-06-16 16:00:00'),
('5174928', '2020-06-17', '2020-06-17 08:00:00', '2020-06-17 16:00:00'),
('5174928', '2020-06-18', '2020-06-18 08:00:00', '2020-06-18 16:00:00'),
('5174928', '2020-06-19', '2020-06-19 08:00:00', '2020-06-19 16:00:00'),
('5174928', '2020-06-20', '2020-06-20 08:00:00', '2020-06-20 16:00:00'),
('5174928', '2020-06-21', '2020-06-21 08:00:00', '2020-06-21 16:00:00'),
('5174928', '2020-06-22', '2020-06-22 08:00:00', '2020-06-22 16:00:00'),
('5174928', '2020-06-23', '2020-06-23 08:00:00', '2020-06-23 16:00:00'),
('5174928', '2020-06-24', '2020-06-24 08:00:00', '2020-06-24 16:00:00'),
('5174928', '2020-06-25', '2020-06-25 08:00:00', '2020-06-25 16:00:00'),
('5174928', '2020-06-26', '2020-06-26 08:00:00', '2020-06-26 16:00:00'),
('5174928', '2020-06-27', '2020-06-27 08:00:00', '2020-06-27 16:00:00'),
('5174928', '2020-06-28', '2020-06-28 08:00:00', '2020-06-28 16:00:00'),
('5174928', '2020-06-29', '2020-06-29 08:00:00', '2020-06-29 16:00:00'),
('5174928', '2020-06-30', '2020-06-30 08:00:00', '2020-06-30 16:00:00'),
('5174928', '2020-07-01', '2020-07-01 08:00:00', '2020-07-01 16:00:00'),
('5174928', '2020-07-02', '2020-07-02 08:00:00', '2020-07-02 16:00:00'),
('5174928', '2020-07-03', '2020-07-03 08:00:00', '2020-07-03 16:00:00'),
('5174928', '2020-07-04', '2020-07-04 08:00:00', '2020-07-04 16:00:00'),
('5174928', '2020-07-05', '2020-07-05 08:00:00', '2020-07-05 16:00:00'),
('5174928', '2020-07-06', '2020-07-06 08:00:00', '2020-07-06 16:00:00'),
('5174928', '2020-07-07', '2020-07-07 08:00:00', '2020-07-07 16:00:00'),
('5174928', '2020-07-08', '2020-07-08 08:00:00', '2020-07-08 16:00:00'),
('5174928', '2020-07-09', '2020-07-09 08:00:00', '2020-07-09 16:00:00'),
('5174928', '2020-07-10', '2020-07-10 08:00:00', '2020-07-10 16:00:00'),
('5174928', '2020-07-11', '2020-07-11 08:00:00', '2020-07-11 16:00:00'),
('5174928', '2020-07-12', '2020-07-12 08:00:00', '2020-07-12 16:00:00'),
('5174928', '2020-07-13', '2020-07-13 08:00:00', '2020-07-13 16:00:00'),
('5174928', '2020-07-14', '2020-07-14 08:00:00', '2020-07-14 16:00:00'),
('5174928', '2020-07-15', '2020-07-15 08:00:00', '2020-07-15 16:00:00'),
('5174928', '2020-07-16', '2020-07-16 08:00:00', '2020-07-16 16:00:00'),
('5174928', '2020-07-17', '2020-07-17 08:00:00', '2020-07-17 16:00:00'),
('5174928', '2020-07-18', '2020-07-18 08:00:00', '2020-07-18 16:00:00'),
('5174928', '2020-07-19', '2020-07-19 08:00:00', '2020-07-19 16:00:00'),
('5174928', '2020-07-20', '2020-07-20 08:00:00', '2020-07-20 16:00:00'),
('5174928', '2020-07-21', '2020-07-21 08:00:00', '2020-07-21 16:00:00'),
('5174928', '2020-07-22', '2020-07-22 08:00:00', '2020-07-22 16:00:00'),
('5174928', '2020-07-23', '2020-07-23 08:00:00', '2020-07-23 16:00:00'),
('5174928', '2020-07-24', '2020-07-24 08:00:00', '2020-07-24 16:00:00'),
('5174928', '2020-07-25', '2020-07-25 08:00:00', '2020-07-25 16:00:00'),
('5174928', '2020-07-26', '2020-07-26 08:00:00', '2020-07-26 16:00:00'),
('5174928', '2020-07-27', '2020-07-27 08:00:00', '2020-07-27 16:00:00'),
('5174928', '2020-07-28', '2020-07-28 08:00:00', '2020-07-28 16:00:00'),
('5174928', '2020-07-29', '2020-07-29 08:00:00', '2020-07-29 16:00:00'),
('5174928', '2020-07-30', '2020-07-30 08:00:00', '2020-07-30 16:00:00'),
('5174928', '2020-07-31', '2020-07-31 08:00:00', '2020-07-31 16:00:00'),
('5174928', '2020-08-01', '2020-08-01 08:00:00', '2020-08-01 16:00:00'),
('5174928', '2020-08-02', '2020-08-02 08:00:00', '2020-08-02 16:00:00'),
('5174928', '2020-08-03', '2020-08-03 08:00:00', '2020-08-03 16:00:00'),
('5174928', '2020-08-04', '2020-08-04 08:00:00', '2020-08-04 16:00:00'),
('5174928', '2020-08-05', '2020-08-05 08:00:00', '2020-08-05 16:00:00'),
('5712569', '2020-06-01', '2020-06-01 08:00:00', '2020-06-01 16:00:00'),
('5712569', '2020-06-02', '2020-06-02 08:00:00', '2020-06-02 16:00:00'),
('5712569', '2020-06-03', '2020-06-03 08:00:00', '2020-06-03 16:00:00'),
('5712569', '2020-06-04', '2020-06-04 08:00:00', '2020-06-04 16:00:00'),
('5712569', '2020-06-05', '2020-06-05 08:00:00', '2020-06-05 16:00:00'),
('5712569', '2020-06-06', '2020-06-06 08:00:00', '2020-06-06 16:00:00'),
('5712569', '2020-06-07', '2020-06-07 08:00:00', '2020-06-07 16:00:00'),
('5712569', '2020-06-08', '2020-06-08 08:00:00', '2020-06-08 16:00:00'),
('5712569', '2020-06-09', '2020-06-09 08:00:00', '2020-06-09 16:00:00'),
('5712569', '2020-06-10', '2020-06-10 08:00:00', '2020-06-10 16:00:00'),
('5712569', '2020-06-11', '2020-06-11 08:00:00', '2020-06-11 16:00:00'),
('5712569', '2020-06-12', '2020-06-12 08:00:00', '2020-06-12 16:00:00'),
('5712569', '2020-06-13', '2020-06-13 08:00:00', '2020-06-13 16:00:00'),
('5712569', '2020-06-14', '2020-06-14 08:00:00', '2020-06-14 16:00:00'),
('5712569', '2020-06-15', '2020-06-15 08:00:00', '2020-06-15 16:00:00'),
('5712569', '2020-06-16', '2020-06-16 08:00:00', '2020-06-16 16:00:00'),
('5712569', '2020-06-17', '2020-06-17 08:00:00', '2020-06-17 16:00:00'),
('5712569', '2020-06-18', '2020-06-18 08:00:00', '2020-06-18 16:00:00'),
('5712569', '2020-06-19', '2020-06-19 08:00:00', '2020-06-19 16:00:00'),
('5712569', '2020-06-20', '2020-06-20 08:00:00', '2020-06-20 16:00:00'),
('5712569', '2020-06-21', '2020-06-21 08:00:00', '2020-06-21 16:00:00'),
('5712569', '2020-06-22', '2020-06-22 08:00:00', '2020-06-22 16:00:00'),
('5712569', '2020-06-23', '2020-06-23 08:00:00', '2020-06-23 16:00:00'),
('5712569', '2020-06-24', '2020-06-24 08:00:00', '2020-06-24 16:00:00'),
('5712569', '2020-06-25', '2020-06-25 08:00:00', '2020-06-25 16:00:00'),
('5712569', '2020-06-26', '2020-06-26 08:00:00', '2020-06-26 16:00:00'),
('5712569', '2020-06-27', '2020-06-27 08:00:00', '2020-06-27 16:00:00'),
('5712569', '2020-06-28', '2020-06-28 08:00:00', '2020-06-28 16:00:00'),
('5712569', '2020-06-29', '2020-06-29 08:00:00', '2020-06-29 16:00:00'),
('5712569', '2020-06-30', '2020-06-30 08:00:00', '2020-06-30 16:00:00'),
('5712569', '2020-07-01', '2020-07-01 08:00:00', '2020-07-01 16:00:00'),
('5712569', '2020-07-02', '2020-07-02 08:00:00', '2020-07-02 16:00:00'),
('5712569', '2020-07-03', '2020-07-03 08:00:00', '2020-07-03 16:00:00'),
('5712569', '2020-07-04', '2020-07-04 08:00:00', '2020-07-04 16:00:00'),
('5712569', '2020-07-05', '2020-07-05 08:00:00', '2020-07-05 16:00:00'),
('5712569', '2020-07-06', '2020-07-06 08:00:00', '2020-07-06 16:00:00'),
('5712569', '2020-07-07', '2020-07-07 08:00:00', '2020-07-07 16:00:00'),
('5712569', '2020-07-08', '2020-07-08 08:00:00', '2020-07-08 16:00:00'),
('5712569', '2020-07-09', '2020-07-09 08:00:00', '2020-07-09 16:00:00'),
('5712569', '2020-07-10', '2020-07-10 08:00:00', '2020-07-10 16:00:00'),
('5712569', '2020-07-11', '2020-07-11 08:00:00', '2020-07-11 16:00:00'),
('5712569', '2020-07-12', '2020-07-12 08:00:00', '2020-07-12 16:00:00'),
('5712569', '2020-07-13', '2020-07-13 08:00:00', '2020-07-13 16:00:00'),
('5712569', '2020-07-14', '2020-07-14 08:00:00', '2020-07-14 16:00:00'),
('5712569', '2020-07-15', '2020-07-15 08:00:00', '2020-07-15 16:00:00'),
('5712569', '2020-07-16', '2020-07-16 08:00:00', '2020-07-16 16:00:00'),
('5712569', '2020-07-17', '2020-07-17 08:00:00', '2020-07-17 16:00:00'),
('5712569', '2020-07-18', '2020-07-18 08:00:00', '2020-07-18 16:00:00'),
('5712569', '2020-07-19', '2020-07-19 08:00:00', '2020-07-19 16:00:00'),
('5712569', '2020-07-20', '2020-07-20 08:00:00', '2020-07-20 16:00:00'),
('5712569', '2020-07-21', '2020-07-21 08:00:00', '2020-07-21 16:00:00'),
('5712569', '2020-07-22', '2020-07-22 08:00:00', '2020-07-22 16:00:00'),
('5712569', '2020-07-23', '2020-07-23 08:00:00', '2020-07-23 16:00:00'),
('5712569', '2020-07-24', '2020-07-24 08:00:00', '2020-07-24 16:00:00'),
('5712569', '2020-07-25', '2020-07-25 08:00:00', '2020-07-25 16:00:00'),
('5712569', '2020-07-26', '2020-07-26 08:00:00', '2020-07-26 16:00:00'),
('5712569', '2020-07-27', '2020-07-27 08:00:00', '2020-07-27 16:00:00'),
('5712569', '2020-07-28', '2020-07-28 08:00:00', '2020-07-28 16:00:00'),
('5712569', '2020-07-29', '2020-07-29 08:00:00', '2020-07-29 16:00:00'),
('5712569', '2020-07-30', '2020-07-30 08:00:00', '2020-07-30 16:00:00'),
('5712569', '2020-07-31', '2020-07-31 08:00:00', '2020-07-31 16:00:00'),
('5712569', '2020-08-01', '2020-08-01 08:00:00', '2020-08-01 16:00:00'),
('5712569', '2020-08-02', '2020-08-02 08:00:00', '2020-08-02 16:00:00'),
('5712569', '2020-08-03', '2020-08-03 08:00:00', '2020-08-03 16:00:00'),
('5712569', '2020-08-04', '2020-08-04 08:00:00', '2020-08-04 16:00:00'),
('5712569', '2020-08-05', '2020-08-05 08:00:00', '2020-08-05 16:00:00'),
('3129077', '2020-06-01', '2020-06-01 08:00:00', '2020-06-01 16:00:00'),
('3129077', '2020-06-02', '2020-06-02 08:00:00', '2020-06-02 16:00:00'),
('3129077', '2020-06-03', '2020-06-03 08:00:00', '2020-06-03 16:00:00'),
('3129077', '2020-06-04', '2020-06-04 08:00:00', '2020-06-04 16:00:00'),
('3129077', '2020-06-05', '2020-06-05 08:00:00', '2020-06-05 16:00:00'),
('3129077', '2020-06-06', '2020-06-06 08:00:00', '2020-06-06 16:00:00'),
('3129077', '2020-06-07', '2020-06-07 08:00:00', '2020-06-07 16:00:00'),
('3129077', '2020-06-08', '2020-06-08 08:00:00', '2020-06-08 16:00:00'),
('3129077', '2020-06-09', '2020-06-09 08:00:00', '2020-06-09 16:00:00'),
('3129077', '2020-06-10', '2020-06-10 08:00:00', '2020-06-10 16:00:00'),
('3129077', '2020-06-11', '2020-06-11 08:00:00', '2020-06-11 16:00:00'),
('3129077', '2020-06-12', '2020-06-12 08:00:00', '2020-06-12 16:00:00'),
('3129077', '2020-06-13', '2020-06-13 08:00:00', '2020-06-13 16:00:00'),
('3129077', '2020-06-14', '2020-06-14 08:00:00', '2020-06-14 16:00:00'),
('3129077', '2020-06-15', '2020-06-15 08:00:00', '2020-06-15 16:00:00'),
('3129077', '2020-06-16', '2020-06-16 08:00:00', '2020-06-16 16:00:00'),
('3129077', '2020-06-17', '2020-06-17 08:00:00', '2020-06-17 16:00:00'),
('3129077', '2020-06-18', '2020-06-18 08:00:00', '2020-06-18 16:00:00'),
('3129077', '2020-06-19', '2020-06-19 08:00:00', '2020-06-19 16:00:00'),
('3129077', '2020-06-20', '2020-06-20 08:00:00', '2020-06-20 16:00:00'),
('3129077', '2020-06-21', '2020-06-21 08:00:00', '2020-06-21 16:00:00'),
('3129077', '2020-06-22', '2020-06-22 08:00:00', '2020-06-22 16:00:00'),
('3129077', '2020-06-23', '2020-06-23 08:00:00', '2020-06-23 16:00:00'),
('3129077', '2020-06-24', '2020-06-24 08:00:00', '2020-06-24 16:00:00'),
('3129077', '2020-06-25', '2020-06-25 08:00:00', '2020-06-25 16:00:00'),
('3129077', '2020-06-26', '2020-06-26 08:00:00', '2020-06-26 16:00:00'),
('3129077', '2020-06-27', '2020-06-27 08:00:00', '2020-06-27 16:00:00'),
('3129077', '2020-06-28', '2020-06-28 08:00:00', '2020-06-28 16:00:00'),
('3129077', '2020-06-29', '2020-06-29 08:00:00', '2020-06-29 16:00:00'),
('3129077', '2020-06-30', '2020-06-30 08:00:00', '2020-06-30 16:00:00'),
('3129077', '2020-07-01', '2020-07-01 08:00:00', '2020-07-01 16:00:00'),
('3129077', '2020-07-02', '2020-07-02 08:00:00', '2020-07-02 16:00:00'),
('3129077', '2020-07-03', '2020-07-03 08:00:00', '2020-07-03 16:00:00'),
('3129077', '2020-07-04', '2020-07-04 08:00:00', '2020-07-04 16:00:00'),
('3129077', '2020-07-05', '2020-07-05 08:00:00', '2020-07-05 16:00:00'),
('3129077', '2020-07-06', '2020-07-06 08:00:00', '2020-07-06 16:00:00'),
('3129077', '2020-07-07', '2020-07-07 08:00:00', '2020-07-07 16:00:00'),
('3129077', '2020-07-08', '2020-07-08 08:00:00', '2020-07-08 16:00:00'),
('3129077', '2020-07-09', '2020-07-09 08:00:00', '2020-07-09 16:00:00'),
('3129077', '2020-07-10', '2020-07-10 08:00:00', '2020-07-10 16:00:00'),
('3129077', '2020-07-11', '2020-07-11 08:00:00', '2020-07-11 16:00:00'),
('3129077', '2020-07-12', '2020-07-12 08:00:00', '2020-07-12 16:00:00'),
('3129077', '2020-07-13', '2020-07-13 08:00:00', '2020-07-13 16:00:00'),
('3129077', '2020-07-14', '2020-07-14 08:00:00', '2020-07-14 16:00:00'),
('3129077', '2020-07-15', '2020-07-15 08:00:00', '2020-07-15 16:00:00'),
('3129077', '2020-07-16', '2020-07-16 08:00:00', '2020-07-16 16:00:00'),
('3129077', '2020-07-17', '2020-07-17 08:00:00', '2020-07-17 16:00:00'),
('3129077', '2020-07-18', '2020-07-18 08:00:00', '2020-07-18 16:00:00'),
('3129077', '2020-07-19', '2020-07-19 08:00:00', '2020-07-19 16:00:00'),
('3129077', '2020-07-20', '2020-07-20 08:00:00', '2020-07-20 16:00:00'),
('3129077', '2020-07-21', '2020-07-21 08:00:00', '2020-07-21 16:00:00'),
('3129077', '2020-07-22', '2020-07-22 08:00:00', '2020-07-22 16:00:00'),
('3129077', '2020-07-23', '2020-07-23 08:00:00', '2020-07-23 16:00:00'),
('3129077', '2020-07-24', '2020-07-24 08:00:00', '2020-07-24 16:00:00'),
('3129077', '2020-07-25', '2020-07-25 08:00:00', '2020-07-25 16:00:00'),
('3129077', '2020-07-26', '2020-07-26 08:00:00', '2020-07-26 16:00:00'),
('3129077', '2020-07-27', '2020-07-27 08:00:00', '2020-07-27 16:00:00'),
('3129077', '2020-07-28', '2020-07-28 08:00:00', '2020-07-28 16:00:00'),
('3129077', '2020-07-29', '2020-07-29 08:00:00', '2020-07-29 16:00:00'),
('3129077', '2020-07-30', '2020-07-30 08:00:00', '2020-07-30 16:00:00'),
('3129077', '2020-07-31', '2020-07-31 08:00:00', '2020-07-31 16:00:00'),
('3129077', '2020-08-01', '2020-08-01 08:00:00', '2020-08-01 16:00:00'),
('3129077', '2020-08-02', '2020-08-02 08:00:00', '2020-08-02 16:00:00'),
('3129077', '2020-08-03', '2020-08-03 08:00:00', '2020-08-03 16:00:00'),
('3129077', '2020-08-04', '2020-08-04 08:00:00', '2020-08-04 16:00:00'),
('3129077', '2020-08-05', '2020-08-05 08:00:00', '2020-08-05 16:00:00'),
('5471289', '2020-06-01', '2020-06-01 08:00:00', '2020-06-01 16:00:00'),
('5471289', '2020-06-02', '2020-06-02 08:00:00', '2020-06-02 16:00:00'),
('5471289', '2020-06-03', '2020-06-03 08:00:00', '2020-06-03 16:00:00'),
('5471289', '2020-06-04', '2020-06-04 08:00:00', '2020-06-04 16:00:00'),
('5471289', '2020-06-05', '2020-06-05 08:00:00', '2020-06-05 16:00:00'),
('5471289', '2020-06-06', '2020-06-06 08:00:00', '2020-06-06 16:00:00'),
('5471289', '2020-06-07', '2020-06-07 08:00:00', '2020-06-07 16:00:00'),
('5471289', '2020-06-08', '2020-06-08 08:00:00', '2020-06-08 16:00:00'),
('5471289', '2020-06-09', '2020-06-09 08:00:00', '2020-06-09 16:00:00'),
('5471289', '2020-06-10', '2020-06-10 08:00:00', '2020-06-10 16:00:00'),
('5471289', '2020-06-11', '2020-06-11 08:00:00', '2020-06-11 16:00:00'),
('5471289', '2020-06-12', '2020-06-12 08:00:00', '2020-06-12 16:00:00'),
('5471289', '2020-06-13', '2020-06-13 08:00:00', '2020-06-13 16:00:00'),
('5471289', '2020-06-14', '2020-06-14 08:00:00', '2020-06-14 16:00:00'),
('5471289', '2020-06-15', '2020-06-15 08:00:00', '2020-06-15 16:00:00'),
('5471289', '2020-06-16', '2020-06-16 08:00:00', '2020-06-16 16:00:00'),
('5471289', '2020-06-17', '2020-06-17 08:00:00', '2020-06-17 16:00:00'),
('5471289', '2020-06-18', '2020-06-18 08:00:00', '2020-06-18 16:00:00'),
('5471289', '2020-06-19', '2020-06-19 08:00:00', '2020-06-19 16:00:00'),
('5471289', '2020-06-20', '2020-06-20 08:00:00', '2020-06-20 16:00:00'),
('5471289', '2020-06-21', '2020-06-21 08:00:00', '2020-06-21 16:00:00'),
('5471289', '2020-06-22', '2020-06-22 08:00:00', '2020-06-22 16:00:00'),
('5471289', '2020-06-23', '2020-06-23 08:00:00', '2020-06-23 16:00:00'),
('5471289', '2020-06-24', '2020-06-24 08:00:00', '2020-06-24 16:00:00'),
('5471289', '2020-06-25', '2020-06-25 08:00:00', '2020-06-25 16:00:00'),
('5471289', '2020-06-26', '2020-06-26 08:00:00', '2020-06-26 16:00:00'),
('5471289', '2020-06-27', '2020-06-27 08:00:00', '2020-06-27 16:00:00'),
('5471289', '2020-06-28', '2020-06-28 08:00:00', '2020-06-28 16:00:00'),
('5471289', '2020-06-29', '2020-06-29 08:00:00', '2020-06-29 16:00:00'),
('5471289', '2020-06-30', '2020-06-30 08:00:00', '2020-06-30 16:00:00'),
('5471289', '2020-07-01', '2020-07-01 08:00:00', '2020-07-01 16:00:00'),
('5471289', '2020-07-02', '2020-07-02 08:00:00', '2020-07-02 16:00:00'),
('5471289', '2020-07-03', '2020-07-03 08:00:00', '2020-07-03 16:00:00'),
('5471289', '2020-07-04', '2020-07-04 08:00:00', '2020-07-04 16:00:00'),
('5471289', '2020-07-05', '2020-07-05 08:00:00', '2020-07-05 16:00:00'),
('5471289', '2020-07-06', '2020-07-06 08:00:00', '2020-07-06 16:00:00'),
('5471289', '2020-07-07', '2020-07-07 08:00:00', '2020-07-07 16:00:00'),
('5471289', '2020-07-08', '2020-07-08 08:00:00', '2020-07-08 16:00:00'),
('5471289', '2020-07-09', '2020-07-09 08:00:00', '2020-07-09 16:00:00'),
('5471289', '2020-07-10', '2020-07-10 08:00:00', '2020-07-10 16:00:00'),
('5471289', '2020-07-11', '2020-07-11 08:00:00', '2020-07-11 16:00:00'),
('5471289', '2020-07-12', '2020-07-12 08:00:00', '2020-07-12 16:00:00'),
('5471289', '2020-07-13', '2020-07-13 08:00:00', '2020-07-13 16:00:00'),
('5471289', '2020-07-14', '2020-07-14 08:00:00', '2020-07-14 16:00:00'),
('5471289', '2020-07-15', '2020-07-15 08:00:00', '2020-07-15 16:00:00'),
('5471289', '2020-07-16', '2020-07-16 08:00:00', '2020-07-16 16:00:00'),
('5471289', '2020-07-17', '2020-07-17 08:00:00', '2020-07-17 16:00:00'),
('5471289', '2020-07-18', '2020-07-18 08:00:00', '2020-07-18 16:00:00'),
('5471289', '2020-07-19', '2020-07-19 08:00:00', '2020-07-19 16:00:00'),
('5471289', '2020-07-20', '2020-07-20 08:00:00', '2020-07-20 16:00:00'),
('5471289', '2020-07-21', '2020-07-21 08:00:00', '2020-07-21 16:00:00'),
('5471289', '2020-07-22', '2020-07-22 08:00:00', '2020-07-22 16:00:00'),
('5471289', '2020-07-23', '2020-07-23 08:00:00', '2020-07-23 16:00:00'),
('5471289', '2020-07-24', '2020-07-24 08:00:00', '2020-07-24 16:00:00'),
('5471289', '2020-07-25', '2020-07-25 08:00:00', '2020-07-25 16:00:00'),
('5471289', '2020-07-26', '2020-07-26 08:00:00', '2020-07-26 16:00:00'),
('5471289', '2020-07-27', '2020-07-27 08:00:00', '2020-07-27 16:00:00'),
('5471289', '2020-07-28', '2020-07-28 08:00:00', '2020-07-28 16:00:00'),
('5471289', '2020-07-29', '2020-07-29 08:00:00', '2020-07-29 16:00:00'),
('5471289', '2020-07-30', '2020-07-30 08:00:00', '2020-07-30 16:00:00'),
('5471289', '2020-07-31', '2020-07-31 08:00:00', '2020-07-31 16:00:00'),
('5471289', '2020-08-01', '2020-08-01 08:00:00', '2020-08-01 16:00:00'),
('5471289', '2020-08-02', '2020-08-02 08:00:00', '2020-08-02 16:00:00'),
('5471289', '2020-08-03', '2020-08-03 08:00:00', '2020-08-03 16:00:00'),
('5471289', '2020-08-04', '2020-08-04 08:00:00', '2020-08-04 16:00:00'),
('5471289', '2020-08-05', '2020-08-05 08:00:00', '2020-08-05 16:00:00'),
('3261458', '2020-06-01', '2020-06-01 08:00:00', '2020-06-01 16:00:00'),
('3261458', '2020-06-02', '2020-06-02 08:00:00', '2020-06-02 16:00:00'),
('3261458', '2020-06-03', '2020-06-03 08:00:00', '2020-06-03 16:00:00'),
('3261458', '2020-06-04', '2020-06-04 08:00:00', '2020-06-04 16:00:00'),
('3261458', '2020-06-05', '2020-06-05 08:00:00', '2020-06-05 16:00:00'),
('3261458', '2020-06-06', '2020-06-06 08:00:00', '2020-06-06 16:00:00'),
('3261458', '2020-06-07', '2020-06-07 08:00:00', '2020-06-07 16:00:00'),
('3261458', '2020-06-08', '2020-06-08 08:00:00', '2020-06-08 16:00:00'),
('3261458', '2020-06-09', '2020-06-09 08:00:00', '2020-06-09 16:00:00'),
('3261458', '2020-06-10', '2020-06-10 08:00:00', '2020-06-10 16:00:00'),
('3261458', '2020-06-11', '2020-06-11 08:00:00', '2020-06-11 16:00:00'),
('3261458', '2020-06-12', '2020-06-12 08:00:00', '2020-06-12 16:00:00'),
('3261458', '2020-06-13', '2020-06-13 08:00:00', '2020-06-13 16:00:00'),
('3261458', '2020-06-14', '2020-06-14 08:00:00', '2020-06-14 16:00:00'),
('3261458', '2020-06-15', '2020-06-15 08:00:00', '2020-06-15 16:00:00'),
('3261458', '2020-06-16', '2020-06-16 08:00:00', '2020-06-16 16:00:00'),
('3261458', '2020-06-17', '2020-06-17 08:00:00', '2020-06-17 16:00:00'),
('3261458', '2020-06-18', '2020-06-18 08:00:00', '2020-06-18 16:00:00'),
('3261458', '2020-06-19', '2020-06-19 08:00:00', '2020-06-19 16:00:00'),
('3261458', '2020-06-20', '2020-06-20 08:00:00', '2020-06-20 16:00:00'),
('3261458', '2020-06-21', '2020-06-21 08:00:00', '2020-06-21 16:00:00'),
('3261458', '2020-06-22', '2020-06-22 08:00:00', '2020-06-22 16:00:00'),
('3261458', '2020-06-23', '2020-06-23 08:00:00', '2020-06-23 16:00:00'),
('3261458', '2020-06-24', '2020-06-24 08:00:00', '2020-06-24 16:00:00'),
('3261458', '2020-06-25', '2020-06-25 08:00:00', '2020-06-25 16:00:00'),
('3261458', '2020-06-26', '2020-06-26 08:00:00', '2020-06-26 16:00:00'),
('3261458', '2020-06-27', '2020-06-27 08:00:00', '2020-06-27 16:00:00'),
('3261458', '2020-06-28', '2020-06-28 08:00:00', '2020-06-28 16:00:00'),
('3261458', '2020-06-29', '2020-06-29 08:00:00', '2020-06-29 16:00:00'),
('3261458', '2020-06-30', '2020-06-30 08:00:00', '2020-06-30 16:00:00'),
('3261458', '2020-07-01', '2020-07-01 08:00:00', '2020-07-01 16:00:00'),
('3261458', '2020-07-02', '2020-07-02 08:00:00', '2020-07-02 16:00:00'),
('3261458', '2020-07-03', '2020-07-03 08:00:00', '2020-07-03 16:00:00'),
('3261458', '2020-07-04', '2020-07-04 08:00:00', '2020-07-04 16:00:00'),
('3261458', '2020-07-05', '2020-07-05 08:00:00', '2020-07-05 16:00:00'),
('3261458', '2020-07-06', '2020-07-06 08:00:00', '2020-07-06 16:00:00'),
('3261458', '2020-07-07', '2020-07-07 08:00:00', '2020-07-07 16:00:00'),
('3261458', '2020-07-08', '2020-07-08 08:00:00', '2020-07-08 16:00:00'),
('3261458', '2020-07-09', '2020-07-09 08:00:00', '2020-07-09 16:00:00'),
('3261458', '2020-07-10', '2020-07-10 08:00:00', '2020-07-10 16:00:00'),
('3261458', '2020-07-11', '2020-07-11 08:00:00', '2020-07-11 16:00:00'),
('3261458', '2020-07-12', '2020-07-12 08:00:00', '2020-07-12 16:00:00'),
('3261458', '2020-07-13', '2020-07-13 08:00:00', '2020-07-13 16:00:00'),
('3261458', '2020-07-14', '2020-07-14 08:00:00', '2020-07-14 16:00:00'),
('3261458', '2020-07-15', '2020-07-15 08:00:00', '2020-07-15 16:00:00'),
('3261458', '2020-07-16', '2020-07-16 08:00:00', '2020-07-16 16:00:00'),
('3261458', '2020-07-17', '2020-07-17 08:00:00', '2020-07-17 16:00:00'),
('3261458', '2020-07-18', '2020-07-18 08:00:00', '2020-07-18 16:00:00'),
('3261458', '2020-07-19', '2020-07-19 08:00:00', '2020-07-19 16:00:00'),
('3261458', '2020-07-20', '2020-07-20 08:00:00', '2020-07-20 16:00:00'),
('3261458', '2020-07-21', '2020-07-21 08:00:00', '2020-07-21 16:00:00'),
('3261458', '2020-07-22', '2020-07-22 08:00:00', '2020-07-22 16:00:00'),
('3261458', '2020-07-23', '2020-07-23 08:00:00', '2020-07-23 16:00:00'),
('3261458', '2020-07-24', '2020-07-24 08:00:00', '2020-07-24 16:00:00'),
('3261458', '2020-07-25', '2020-07-25 08:00:00', '2020-07-25 16:00:00'),
('3261458', '2020-07-26', '2020-07-26 08:00:00', '2020-07-26 16:00:00'),
('3261458', '2020-07-27', '2020-07-27 08:00:00', '2020-07-27 16:00:00'),
('3261458', '2020-07-28', '2020-07-28 08:00:00', '2020-07-28 16:00:00'),
('3261458', '2020-07-29', '2020-07-29 08:00:00', '2020-07-29 16:00:00'),
('3261458', '2020-07-30', '2020-07-30 08:00:00', '2020-07-30 16:00:00'),
('3261458', '2020-07-31', '2020-07-31 08:00:00', '2020-07-31 16:00:00'),
('3261458', '2020-08-01', '2020-08-01 08:00:00', '2020-08-01 16:00:00'),
('3261458', '2020-08-02', '2020-08-02 08:00:00', '2020-08-02 16:00:00'),
('3261458', '2020-08-03', '2020-08-03 08:00:00', '2020-08-03 16:00:00'),
('3261458', '2020-08-04', '2020-08-04 08:00:00', '2020-08-04 16:00:00'),
('3261458', '2020-08-05', '2020-08-05 08:00:00', '2020-08-05 16:00:00'),
('1245789', '2020-06-01', '2020-06-01 08:00:00', '2020-06-01 16:00:00'),
('1245789', '2020-06-02', '2020-06-02 08:00:00', '2020-06-02 16:00:00'),
('1245789', '2020-06-03', '2020-06-03 08:00:00', '2020-06-03 16:00:00'),
('1245789', '2020-06-04', '2020-06-04 08:00:00', '2020-06-04 16:00:00'),
('1245789', '2020-06-05', '2020-06-05 08:00:00', '2020-06-05 16:00:00'),
('1245789', '2020-06-06', '2020-06-06 08:00:00', '2020-06-06 16:00:00'),
('1245789', '2020-06-07', '2020-06-07 08:00:00', '2020-06-07 16:00:00'),
('1245789', '2020-06-08', '2020-06-08 08:00:00', '2020-06-08 16:00:00'),
('1245789', '2020-06-09', '2020-06-09 08:00:00', '2020-06-09 16:00:00'),
('1245789', '2020-06-10', '2020-06-10 08:00:00', '2020-06-10 16:00:00'),
('1245789', '2020-06-11', '2020-06-11 08:00:00', '2020-06-11 16:00:00'),
('1245789', '2020-06-12', '2020-06-12 08:00:00', '2020-06-12 16:00:00'),
('1245789', '2020-06-13', '2020-06-13 08:00:00', '2020-06-13 16:00:00'),
('1245789', '2020-06-14', '2020-06-14 08:00:00', '2020-06-14 16:00:00'),
('1245789', '2020-06-15', '2020-06-15 08:00:00', '2020-06-15 16:00:00'),
('1245789', '2020-06-16', '2020-06-16 08:00:00', '2020-06-16 16:00:00'),
('1245789', '2020-06-17', '2020-06-17 08:00:00', '2020-06-17 16:00:00'),
('1245789', '2020-06-18', '2020-06-18 08:00:00', '2020-06-18 16:00:00'),
('1245789', '2020-06-19', '2020-06-19 08:00:00', '2020-06-19 16:00:00'),
('1245789', '2020-06-20', '2020-06-20 08:00:00', '2020-06-20 16:00:00'),
('1245789', '2020-06-21', '2020-06-21 08:00:00', '2020-06-21 16:00:00'),
('1245789', '2020-06-22', '2020-06-22 08:00:00', '2020-06-22 16:00:00'),
('1245789', '2020-06-23', '2020-06-23 08:00:00', '2020-06-23 16:00:00'),
('1245789', '2020-06-24', '2020-06-24 08:00:00', '2020-06-24 16:00:00'),
('1245789', '2020-06-25', '2020-06-25 08:00:00', '2020-06-25 16:00:00'),
('1245789', '2020-06-26', '2020-06-26 08:00:00', '2020-06-26 16:00:00'),
('1245789', '2020-06-27', '2020-06-27 08:00:00', '2020-06-27 16:00:00'),
('1245789', '2020-06-28', '2020-06-28 08:00:00', '2020-06-28 16:00:00'),
('1245789', '2020-06-29', '2020-06-29 08:00:00', '2020-06-29 16:00:00'),
('1245789', '2020-06-30', '2020-06-30 08:00:00', '2020-06-30 16:00:00'),
('1245789', '2020-07-01', '2020-07-01 08:00:00', '2020-07-01 16:00:00'),
('1245789', '2020-07-02', '2020-07-02 08:00:00', '2020-07-02 16:00:00'),
('1245789', '2020-07-03', '2020-07-03 08:00:00', '2020-07-03 16:00:00'),
('1245789', '2020-07-04', '2020-07-04 08:00:00', '2020-07-04 16:00:00'),
('1245789', '2020-07-05', '2020-07-05 08:00:00', '2020-07-05 16:00:00'),
('1245789', '2020-07-06', '2020-07-06 08:00:00', '2020-07-06 16:00:00'),
('1245789', '2020-07-07', '2020-07-07 08:00:00', '2020-07-07 16:00:00'),
('1245789', '2020-07-08', '2020-07-08 08:00:00', '2020-07-08 16:00:00'),
('1245789', '2020-07-09', '2020-07-09 08:00:00', '2020-07-09 16:00:00'),
('1245789', '2020-07-10', '2020-07-10 08:00:00', '2020-07-10 16:00:00'),
('1245789', '2020-07-11', '2020-07-11 08:00:00', '2020-07-11 16:00:00'),
('1245789', '2020-07-12', '2020-07-12 08:00:00', '2020-07-12 16:00:00'),
('1245789', '2020-07-13', '2020-07-13 08:00:00', '2020-07-13 16:00:00'),
('1245789', '2020-07-14', '2020-07-14 08:00:00', '2020-07-14 16:00:00'),
('1245789', '2020-07-15', '2020-07-15 08:00:00', '2020-07-15 16:00:00'),
('1245789', '2020-07-16', '2020-07-16 08:00:00', '2020-07-16 16:00:00'),
('1245789', '2020-07-17', '2020-07-17 08:00:00', '2020-07-17 16:00:00'),
('1245789', '2020-07-18', '2020-07-18 08:00:00', '2020-07-18 16:00:00'),
('1245789', '2020-07-19', '2020-07-19 08:00:00', '2020-07-19 16:00:00'),
('1245789', '2020-07-20', '2020-07-20 08:00:00', '2020-07-20 16:00:00'),
('1245789', '2020-07-21', '2020-07-21 08:00:00', '2020-07-21 16:00:00'),
('1245789', '2020-07-22', '2020-07-22 08:00:00', '2020-07-22 16:00:00'),
('1245789', '2020-07-23', '2020-07-23 08:00:00', '2020-07-23 16:00:00'),
('1245789', '2020-07-24', '2020-07-24 08:00:00', '2020-07-24 16:00:00'),
('1245789', '2020-07-25', '2020-07-25 08:00:00', '2020-07-25 16:00:00'),
('1245789', '2020-07-26', '2020-07-26 08:00:00', '2020-07-26 16:00:00'),
('1245789', '2020-07-27', '2020-07-27 08:00:00', '2020-07-27 16:00:00'),
('1245789', '2020-07-28', '2020-07-28 08:00:00', '2020-07-28 16:00:00'),
('1245789', '2020-07-29', '2020-07-29 08:00:00', '2020-07-29 16:00:00'),
('1245789', '2020-07-30', '2020-07-30 08:00:00', '2020-07-30 16:00:00'),
('1245789', '2020-07-31', '2020-07-31 08:00:00', '2020-07-31 16:00:00'),
('1245789', '2020-08-01', '2020-08-01 08:00:00', '2020-08-01 16:00:00'),
('1245789', '2020-08-02', '2020-08-02 08:00:00', '2020-08-02 16:00:00'),
('1245789', '2020-08-03', '2020-08-03 08:00:00', '2020-08-03 16:00:00'),
('1245789', '2020-08-04', '2020-08-04 08:00:00', '2020-08-04 16:00:00'),
('1245789', '2020-08-05', '2020-08-05 08:00:00', '2020-08-05 16:00:00'),
('9125463', '2020-06-01', '2020-06-01 08:00:00', '2020-06-01 16:00:00'),
('9125463', '2020-06-02', '2020-06-02 08:00:00', '2020-06-02 16:00:00'),
('9125463', '2020-06-03', '2020-06-03 08:00:00', '2020-06-03 16:00:00'),
('9125463', '2020-06-04', '2020-06-04 08:00:00', '2020-06-04 16:00:00'),
('9125463', '2020-06-05', '2020-06-05 08:00:00', '2020-06-05 16:00:00'),
('9125463', '2020-06-06', '2020-06-06 08:00:00', '2020-06-06 16:00:00'),
('9125463', '2020-06-07', '2020-06-07 08:00:00', '2020-06-07 16:00:00'),
('9125463', '2020-06-08', '2020-06-08 08:00:00', '2020-06-08 16:00:00'),
('9125463', '2020-06-09', '2020-06-09 08:00:00', '2020-06-09 16:00:00'),
('9125463', '2020-06-10', '2020-06-10 08:00:00', '2020-06-10 16:00:00'),
('9125463', '2020-06-11', '2020-06-11 08:00:00', '2020-06-11 16:00:00'),
('9125463', '2020-06-12', '2020-06-12 08:00:00', '2020-06-12 16:00:00'),
('9125463', '2020-06-13', '2020-06-13 08:00:00', '2020-06-13 16:00:00'),
('9125463', '2020-06-14', '2020-06-14 08:00:00', '2020-06-14 16:00:00'),
('9125463', '2020-06-15', '2020-06-15 08:00:00', '2020-06-15 16:00:00'),
('9125463', '2020-06-16', '2020-06-16 08:00:00', '2020-06-16 16:00:00'),
('9125463', '2020-06-17', '2020-06-17 08:00:00', '2020-06-17 16:00:00'),
('9125463', '2020-06-18', '2020-06-18 08:00:00', '2020-06-18 16:00:00'),
('9125463', '2020-06-19', '2020-06-19 08:00:00', '2020-06-19 16:00:00'),
('9125463', '2020-06-20', '2020-06-20 08:00:00', '2020-06-20 16:00:00'),
('9125463', '2020-06-21', '2020-06-21 08:00:00', '2020-06-21 16:00:00'),
('9125463', '2020-06-22', '2020-06-22 08:00:00', '2020-06-22 16:00:00'),
('9125463', '2020-06-23', '2020-06-23 08:00:00', '2020-06-23 16:00:00'),
('9125463', '2020-06-24', '2020-06-24 08:00:00', '2020-06-24 16:00:00'),
('9125463', '2020-06-25', '2020-06-25 08:00:00', '2020-06-25 16:00:00'),
('9125463', '2020-06-26', '2020-06-26 08:00:00', '2020-06-26 16:00:00'),
('9125463', '2020-06-27', '2020-06-27 08:00:00', '2020-06-27 16:00:00'),
('9125463', '2020-06-28', '2020-06-28 08:00:00', '2020-06-28 16:00:00'),
('9125463', '2020-06-29', '2020-06-29 08:00:00', '2020-06-29 16:00:00'),
('9125463', '2020-06-30', '2020-06-30 08:00:00', '2020-06-30 16:00:00'),
('9125463', '2020-07-01', '2020-07-01 08:00:00', '2020-07-01 16:00:00'),
('9125463', '2020-07-02', '2020-07-02 08:00:00', '2020-07-02 16:00:00'),
('9125463', '2020-07-03', '2020-07-03 08:00:00', '2020-07-03 16:00:00'),
('9125463', '2020-07-04', '2020-07-04 08:00:00', '2020-07-04 16:00:00'),
('9125463', '2020-07-05', '2020-07-05 08:00:00', '2020-07-05 16:00:00'),
('9125463', '2020-07-06', '2020-07-06 08:00:00', '2020-07-06 16:00:00'),
('9125463', '2020-07-07', '2020-07-07 08:00:00', '2020-07-07 16:00:00'),
('9125463', '2020-07-08', '2020-07-08 08:00:00', '2020-07-08 16:00:00'),
('9125463', '2020-07-09', '2020-07-09 08:00:00', '2020-07-09 16:00:00'),
('9125463', '2020-07-10', '2020-07-10 08:00:00', '2020-07-10 16:00:00'),
('9125463', '2020-07-11', '2020-07-11 08:00:00', '2020-07-11 16:00:00'),
('9125463', '2020-07-12', '2020-07-12 08:00:00', '2020-07-12 16:00:00'),
('9125463', '2020-07-13', '2020-07-13 08:00:00', '2020-07-13 16:00:00'),
('9125463', '2020-07-14', '2020-07-14 08:00:00', '2020-07-14 16:00:00'),
('9125463', '2020-07-15', '2020-07-15 08:00:00', '2020-07-15 16:00:00'),
('9125463', '2020-07-16', '2020-07-16 08:00:00', '2020-07-16 16:00:00'),
('9125463', '2020-07-17', '2020-07-17 08:00:00', '2020-07-17 16:00:00'),
('9125463', '2020-07-18', '2020-07-18 08:00:00', '2020-07-18 16:00:00'),
('9125463', '2020-07-19', '2020-07-19 08:00:00', '2020-07-19 16:00:00'),
('9125463', '2020-07-20', '2020-07-20 08:00:00', '2020-07-20 16:00:00'),
('9125463', '2020-07-21', '2020-07-21 08:00:00', '2020-07-21 16:00:00'),
('9125463', '2020-07-22', '2020-07-22 08:00:00', '2020-07-22 16:00:00'),
('9125463', '2020-07-23', '2020-07-23 08:00:00', '2020-07-23 16:00:00'),
('9125463', '2020-07-24', '2020-07-24 08:00:00', '2020-07-24 16:00:00'),
('9125463', '2020-07-25', '2020-07-25 08:00:00', '2020-07-25 16:00:00'),
('9125463', '2020-07-26', '2020-07-26 08:00:00', '2020-07-26 16:00:00'),
('9125463', '2020-07-27', '2020-07-27 08:00:00', '2020-07-27 16:00:00'),
('9125463', '2020-07-28', '2020-07-28 08:00:00', '2020-07-28 16:00:00'),
('9125463', '2020-07-29', '2020-07-29 08:00:00', '2020-07-29 16:00:00'),
('9125463', '2020-07-30', '2020-07-30 08:00:00', '2020-07-30 16:00:00'),
('9125463', '2020-07-31', '2020-07-31 08:00:00', '2020-07-31 16:00:00'),
('9125463', '2020-08-01', '2020-08-01 08:00:00', '2020-08-01 16:00:00'),
('9125463', '2020-08-02', '2020-08-02 08:00:00', '2020-08-02 16:00:00'),
('9125463', '2020-08-03', '2020-08-03 08:00:00', '2020-08-03 16:00:00'),
('9125463', '2020-08-04', '2020-08-04 08:00:00', '2020-08-04 16:00:00'),
('9125463', '2020-08-05', '2020-08-05 08:00:00', '2020-08-05 16:00:00'),
('0625612', '2020-06-01', '2020-06-01 08:00:00', '2020-06-01 16:00:00'),
('0625612', '2020-06-02', '2020-06-02 08:00:00', '2020-06-02 16:00:00'),
('0625612', '2020-06-03', '2020-06-03 08:00:00', '2020-06-03 16:00:00'),
('0625612', '2020-06-04', '2020-06-04 08:00:00', '2020-06-04 16:00:00'),
('0625612', '2020-06-05', '2020-06-05 08:00:00', '2020-06-05 16:00:00'),
('0625612', '2020-06-06', '2020-06-06 08:00:00', '2020-06-06 16:00:00'),
('0625612', '2020-06-07', '2020-06-07 08:00:00', '2020-06-07 16:00:00'),
('0625612', '2020-06-08', '2020-06-08 08:00:00', '2020-06-08 16:00:00'),
('0625612', '2020-06-09', '2020-06-09 08:00:00', '2020-06-09 16:00:00'),
('0625612', '2020-06-10', '2020-06-10 08:00:00', '2020-06-10 16:00:00'),
('0625612', '2020-06-11', '2020-06-11 08:00:00', '2020-06-11 16:00:00'),
('0625612', '2020-06-12', '2020-06-12 08:00:00', '2020-06-12 16:00:00'),
('0625612', '2020-06-13', '2020-06-13 08:00:00', '2020-06-13 16:00:00'),
('0625612', '2020-06-14', '2020-06-14 08:00:00', '2020-06-14 16:00:00'),
('0625612', '2020-06-15', '2020-06-15 08:00:00', '2020-06-15 16:00:00'),
('0625612', '2020-06-16', '2020-06-16 08:00:00', '2020-06-16 16:00:00'),
('0625612', '2020-06-17', '2020-06-17 08:00:00', '2020-06-17 16:00:00'),
('0625612', '2020-06-18', '2020-06-18 08:00:00', '2020-06-18 16:00:00'),
('0625612', '2020-06-19', '2020-06-19 08:00:00', '2020-06-19 16:00:00'),
('0625612', '2020-06-20', '2020-06-20 08:00:00', '2020-06-20 16:00:00'),
('0625612', '2020-06-21', '2020-06-21 08:00:00', '2020-06-21 16:00:00'),
('0625612', '2020-06-22', '2020-06-22 08:00:00', '2020-06-22 16:00:00'),
('0625612', '2020-06-23', '2020-06-23 08:00:00', '2020-06-23 16:00:00'),
('0625612', '2020-06-24', '2020-06-24 08:00:00', '2020-06-24 16:00:00'),
('0625612', '2020-06-25', '2020-06-25 08:00:00', '2020-06-25 16:00:00'),
('0625612', '2020-06-26', '2020-06-26 08:00:00', '2020-06-26 16:00:00'),
('0625612', '2020-06-27', '2020-06-27 08:00:00', '2020-06-27 16:00:00'),
('0625612', '2020-06-28', '2020-06-28 08:00:00', '2020-06-28 16:00:00'),
('0625612', '2020-06-29', '2020-06-29 08:00:00', '2020-06-29 16:00:00'),
('0625612', '2020-06-30', '2020-06-30 08:00:00', '2020-06-30 16:00:00'),
('0625612', '2020-07-01', '2020-07-01 08:00:00', '2020-07-01 16:00:00'),
('0625612', '2020-07-02', '2020-07-02 08:00:00', '2020-07-02 16:00:00'),
('0625612', '2020-07-03', '2020-07-03 08:00:00', '2020-07-03 16:00:00'),
('0625612', '2020-07-04', '2020-07-04 08:00:00', '2020-07-04 16:00:00'),
('0625612', '2020-07-05', '2020-07-05 08:00:00', '2020-07-05 16:00:00'),
('0625612', '2020-07-06', '2020-07-06 08:00:00', '2020-07-06 16:00:00'),
('0625612', '2020-07-07', '2020-07-07 08:00:00', '2020-07-07 16:00:00'),
('0625612', '2020-07-08', '2020-07-08 08:00:00', '2020-07-08 16:00:00'),
('0625612', '2020-07-09', '2020-07-09 08:00:00', '2020-07-09 16:00:00'),
('0625612', '2020-07-10', '2020-07-10 08:00:00', '2020-07-10 16:00:00'),
('0625612', '2020-07-11', '2020-07-11 08:00:00', '2020-07-11 16:00:00'),
('0625612', '2020-07-12', '2020-07-12 08:00:00', '2020-07-12 16:00:00'),
('0625612', '2020-07-13', '2020-07-13 08:00:00', '2020-07-13 16:00:00'),
('0625612', '2020-07-14', '2020-07-14 08:00:00', '2020-07-14 16:00:00'),
('0625612', '2020-07-15', '2020-07-15 08:00:00', '2020-07-15 16:00:00'),
('0625612', '2020-07-16', '2020-07-16 08:00:00', '2020-07-16 16:00:00'),
('0625612', '2020-07-17', '2020-07-17 08:00:00', '2020-07-17 16:00:00'),
('0625612', '2020-07-18', '2020-07-18 08:00:00', '2020-07-18 16:00:00'),
('0625612', '2020-07-19', '2020-07-19 08:00:00', '2020-07-19 16:00:00'),
('0625612', '2020-07-20', '2020-07-20 08:00:00', '2020-07-20 16:00:00'),
('0625612', '2020-07-21', '2020-07-21 08:00:00', '2020-07-21 16:00:00'),
('0625612', '2020-07-22', '2020-07-22 08:00:00', '2020-07-22 16:00:00'),
('0625612', '2020-07-23', '2020-07-23 08:00:00', '2020-07-23 16:00:00'),
('0625612', '2020-07-24', '2020-07-24 08:00:00', '2020-07-24 16:00:00'),
('0625612', '2020-07-25', '2020-07-25 08:00:00', '2020-07-25 16:00:00'),
('0625612', '2020-07-26', '2020-07-26 08:00:00', '2020-07-26 16:00:00'),
('0625612', '2020-07-27', '2020-07-27 08:00:00', '2020-07-27 16:00:00'),
('0625612', '2020-07-28', '2020-07-28 08:00:00', '2020-07-28 16:00:00'),
('0625612', '2020-07-29', '2020-07-29 08:00:00', '2020-07-29 16:00:00'),
('0625612', '2020-07-30', '2020-07-30 08:00:00', '2020-07-30 16:00:00'),
('0625612', '2020-07-31', '2020-07-31 08:00:00', '2020-07-31 16:00:00'),
('0625612', '2020-08-01', '2020-08-01 08:00:00', '2020-08-01 16:00:00'),
('0625612', '2020-08-02', '2020-08-02 08:00:00', '2020-08-02 16:00:00'),
('0625612', '2020-08-03', '2020-08-03 08:00:00', '2020-08-03 16:00:00'),
('0625612', '2020-08-04', '2020-08-04 08:00:00', '2020-08-04 16:00:00'),
('0625612', '2020-08-05', '2020-08-05 08:00:00', '2020-08-05 16:00:00');
